Label,Delta_mean,Delta_std,Delta_relative,Theta_mean,Theta_std,Theta_relative,Alpha_mean,Alpha_std,Alpha_relative,Beta_mean,Beta_std,Beta_relative,Gamma_mean,Gamma_std,Gamma_relative
right,11.913046610282443,37.641094363056894,1.0940699347498264,0.2035888338950248,18.362529390337752,0.018697183810484744,0.18118695013355568,13.509577478482756,0.016639840436705848,-0.8139921152374774,76.2195878505146,-0.07475537782552384,-0.5950870352456108,414.85365762788587,-0.05465158117149322
right,2.7833488356246168,36.496190977723074,0.5964874039512283,0.8193602912366431,14.478168577427777,0.17559354643766348,0.2972752389944934,14.258964348628732,0.06370776573070597,0.6665797945319514,73.74267384345035,0.14285182154592538,0.09966821465872,413.470553209613,0.021359462334476727
right,-17.33070908796638,18.392094013560158,0.993760084299904,-0.015904908020011807,9.973102232809843,0.000912003233942912,-0.3099599001296403,16.01790459720868,0.017773408746229527,-0.028489738282741595,79.17621166369055,0.0016336299094188809,0.24553334759345713,410.79179427307,-0.014079126189495297
right,3.8560903030922966,17.725159081582056,1.2211015504773253,-0.5328995803948922,10.321476331333562,-0.16875240275028994,0.5428353583001861,17.144116363446585,0.17189874862181256,-0.7032588606707002,82.20601836852956,-0.22269978596280682,-0.004888744466335471,405.89600640154515,-0.0015481103860411336
right,7.070873561195895,13.20423718541521,0.9303530114249248,-0.06826532545929442,9.699755416507275,-0.008982037448031468,0.20592959979625253,19.67323477322383,0.027095269297895637,0.47856059698580133,86.04240301630443,0.06296680158423712,-0.08689348411291498,404.7422614519634,-0.011433044859026102
right,-2.9829141224981184,10.662941890041274,1.2735849552605725,0.7030326824193796,12.259700016628548,-0.30016682030254144,-0.3823930812981398,16.867921457818614,0.1632665424940845,0.10610045163505033,83.19692306456957,-0.04530064674995931,0.21403418329206936,408.03529679386645,-0.09138403070215619
right,-1.6746125989737735,9.971468032849735,0.6601572382204681,-0.556774824550163,12.880449644560235,0.21948893177500675,0.1981110800030496,12.705413578603327,-0.07809833958960659,-0.4143923636903092,82.22968964358559,0.16335964420731713,-0.08901876968126299,408.8353067496193,0.035092525386814476
right,1.5424670998651062,9.40033543026895,6.818172677723363,-0.7405509454050406,10.86820772122372,-3.2734599155239184,-0.656087322822413,16.352678978536595,-2.9001050713234986,0.2929621372384671,82.47565520579731,1.294981552541019,-0.21256215761343,408.4667076386967,-0.9395892434169651
right,-0.28437938746479247,7.606984961615538,4.740299230532724,0.44593205880102127,9.378816329793784,-7.4332089046575485,-0.438755537369093,17.9095126729411,7.3135839932849445,0.014629544481059353,78.86830465307206,-0.24385880799885884,0.20258145740258038,406.0080879177753,-3.3768155111612614
right,-6.542703803647215,24.30245862526356,1.6729380059117038,0.5263890514325519,15.701296867987566,-0.13459515766959054,0.37893403426584477,14.440266162976435,-0.09689161647565263,0.970498078891602,77.012171508675,-0.24815170754589158,0.755976329004427,406.52739429327096,-0.1932995242205694
right,8.962079383368579,36.42400208889894,0.9851452036317965,-1.763201125129913,27.41762591745192,-0.19381764623546893,-0.1697741206530915,20.765889566397572,-0.018662204774996523,1.7377406580718637,70.88775449321439,0.19101893670261105,0.3303718890803444,400.7910248331387,0.036315710676057954
right,7.290087354690186,30.202746792709213,1.1001806184145917,-1.5717149107437898,28.699183181654735,-0.23719472735275937,0.3447491365542862,25.20899298579753,0.052027678105691234,0.37186447052534377,71.19957725043557,0.05611977789069636,0.19127806658360758,393.32645090953235,0.02886665294178003
right,-14.474388472686798,11.549869971438495,1.1617694106152876,1.508393778112667,21.30610273357134,-0.1210694153939915,0.6184305633746294,22.055555222506865,-0.04963758658778469,-0.44695737896847965,76.72049012154552,0.03587449733812325,0.33560467139445826,385.636837776108,-0.026936905971634673
right,-1.737869554594,16.70916151773822,0.6139499194011558,0.28448032542708024,20.566660294880116,-0.1005004503390208,-0.24719780136763148,19.737417931992386,0.08732937971357466,-0.7272305996635574,77.40415383457164,0.25691408591009146,-0.4028196900072767,388.1367996530721,0.1423070653141989
right,6.8506250830028055,10.868570584310984,1.2571812367290198,-0.8365400490895539,20.949406342531926,-0.15351627636098586,-0.5450296985354703,17.852725368127057,-0.10002023204552979,-0.09040303658576976,78.2462147316187,-0.01659016512536106,0.07054220305007153,397.2119159602163,0.012945436802856817
right,1.3992484980123394,10.138045357775262,0.4350723386320995,0.9675899548836794,16.04419457042318,0.30085551287435264,0.3011774424199183,18.752460784752646,0.0936459638177241,0.21610785025176504,78.75465690728248,0.06719503214715034,0.3320046399133951,398.04591734994233,0.10323115252867335
right,-3.2779481768460506,12.334969122391293,1.055011654803278,0.16294471222855766,12.621776794526925,-0.05244395616257122,0.20754060838015298,18.373453290408015,-0.06679720022196911,-0.0243145709666992,75.8071006748156,0.00782567458894083,-0.17524813210816736,402.9075471330886,0.05640382699232174
right,-0.9397093060799078,13.432370513525642,0.7190110957675812,-0.23974188198706547,13.038375514935204,0.18343659273524748,0.33814490411800846,14.817101654150827,-0.2587288818627901,-0.4930272012537029,71.59444465010101,0.37723583870361777,0.02738660828873085,404.74531124057023,-0.02095464534365636
right,4.629005388872039,12.880155132217213,1.1201937246788647,-0.25190687698924286,14.354242068527471,-0.06096007221878848,0.026955334074108994,15.229175041635683,0.006523041893411363,-0.45483481012401183,69.03212962680057,-0.11006751067761726,0.18310672790861937,399.9531228063306,0.044310816324129754
right,-6.820520209161394,22.90861019983187,0.8783541665056164,-1.5306518168856478,15.625192705682311,0.19711904071848,0.21491625147938898,16.18484819761259,-0.02767715352314752,0.9057114036077965,66.46303634760105,-0.11663852032019295,-0.5345695992916666,373.142487965679,0.0688424666192441
right,2.5979334975232025,28.742969007281566,0.829874308962869,0.41769279523718505,17.655470451982794,0.13342624826104973,0.46325888122788556,16.11370734762103,0.14798171096235682,0.3363544188408335,53.17601355279724,0.1074438168522253,-0.6847251649635708,338.73184631784784,-0.2187260850385008
right,9.720408688320362,17.89567427394831,0.9761031893298504,1.5569919315101646,17.61337900370579,0.15634988598103142,-0.48886444367022963,14.385015995617536,-0.04909074895069343,-0.5477167009952406,38.34304757355191,-0.05500057002058619,-0.28243721130423705,329.12861734646776,-0.028361756339602234
right,-5.948607510464631,12.795004136338418,0.9182275022215279,-0.05999004536231001,14.901854552007944,0.009260067909050458,0.07675353432733228,18.249615434273807,-0.011847681325096506,-0.42716098794863044,40.469100931107484,0.06593660219144547,-0.11935410751653852,325.7702589643458,0.018423509003072675
right,-4.645751328396688,13.94455907515053,0.695332500388289,-1.136643265499038,12.235442923612862,0.1701221068415891,-0.20697742445675904,18.728904061887903,0.030978440277627722,-0.5810063958303641,40.89944809593405,0.08695958982671988,-0.11095940017560235,327.9086586998163,0.01660736266577426
right,1.7410159295884848,10.452732607023675,1.1961634305672473,-0.3976555076763674,8.942471184129989,-0.2732088593575095,-0.06929767668547238,13.527430810406193,-0.04761090652055504,0.08189920646405913,36.65783580064925,0.05626877623568883,0.09953809545825154,327.7523309888923,0.06838755907512852
right,4.100644637198801,7.811514559549943,0.7034777812578643,0.7160790408259806,9.816151485137896,0.12284548879847221,0.5661371860193541,12.050669449872734,0.09712251773675408,0.1028634918291258,37.40646537126987,0.017646537899909644,0.34337891710656154,320.15364029561425,0.058907674306999724
right,-2.7437457709507465,10.415304453689762,1.0877023711794425,0.5796944947031173,10.924531498234112,-0.22980812694966274,-0.13252718910833985,12.729460186628899,0.05253771663725885,-0.3673988514952956,37.937014863640485,0.14564782428860482,0.14146211080681592,319.90388533840843,-0.05607978515564328
right,-2.1759283755200327,10.99844881470561,0.5740030154267507,-0.6058515990092169,10.014808164697177,0.15982173340117253,-0.7145249471756503,15.05397703135113,0.18848941853540668,-0.3641182071353836,38.104288049210865,0.09605323006900059,0.06962705801771474,322.1257987317366,-0.018367397432330432
right,1.7461706263422407,7.804412299736911,0.929511700119704,-0.008161259263733567,10.916954752410652,-0.004344355505075285,0.26321350845891717,15.89357219605788,0.14011233040531518,-0.1065722027093588,38.43007933852342,-0.05672991392220483,-0.01606148872487867,321.17819041918955,-0.008549761097738997
right,-4.117526889468387,17.175152923881885,5.022738991486647,0.9844321430419264,10.887596869701204,-1.2008532893801778,0.46676533840111983,16.765350449075346,-0.5693807297429585,1.3377466284507167,48.74256215246568,-1.6318417175696267,0.508805583019629,331.89237174437926,-0.6206632547938841
right,5.9743773165274225,32.49160319182379,0.9393107091912242,-0.979849555949785,14.560923966272798,-0.15405508097952988,-0.6584618142505316,17.155651395157623,-0.1035254723547503,1.4134496094531617,58.390290319716115,0.22222706814795032,0.6108689879790048,374.5869865631949,0.09604277599510577
right,8.106371874796377,31.778185641557048,1.03069847317878,-0.9490537173123215,14.519852148253618,-0.1206690530001162,-0.2865285337326605,16.349496169364002,-0.03643115894529894,0.5851902577000855,60.6613694479084,0.07440501304977765,0.4089506348376266,400.584238362355,0.051996725716857435
right,-8.213223615228845,17.446045076636707,1.083299763999604,0.5774238804731817,10.639580414480024,-0.0761604922438124,0.23614317825223408,12.890526643900728,-0.03114658278589117,-0.33453073143697853,59.628475253263225,0.044123608389809596,0.15251517079237165,394.46622032571753,-0.020116297359709958
right,-6.553706738743856,11.207349851114161,1.027822310928198,0.45422707509248167,11.209218519640322,-0.07123674290271863,0.07709766094529028,11.69539686503879,-0.01209127890503311,-0.271581119226368,55.808585569383574,0.04259225270449224,-0.08234012529457624,398.17004158790473,0.012913458175061687
right,5.278942712519019,11.971704744540343,0.9817516329212836,-0.1920837413897128,9.130832963535534,-0.03572278333685378,-0.5024981391674859,11.730979508607325,-0.09345211636747959,0.5171179680088693,49.49138512751518,0.09617103976174557,0.27558657532294295,406.50452930138977,0.051252227021304095
right,2.72738338372259,13.945845765470791,1.305926102082267,-0.3330634964223175,7.431508082407495,-0.15947751101827817,-0.4530633099420902,22.24871057179555,-0.21693583889977386,0.09718500744496139,54.20367485844524,0.046534139171958665,0.05002527360013398,404.0951153180829,0.023953108663826463
right,-3.3279723151541805,12.392158737459237,1.2026855784236736,0.7047487343983027,9.68816001001842,-0.25468695620261095,-0.15613533422340634,23.168506609404087,0.05642526348484704,-0.033665427358134714,57.80603558155684,0.012166244229475393,0.04590683892803993,401.621884584269,-0.016590129935385067
right,2.3038928876966613,10.674634798587048,0.9981760194693217,-0.488605644156912,9.934349705397771,-0.21169145474570536,0.09836562684274064,21.868315435147558,0.042617523748100156,0.1796182340940773,56.02662271851487,0.07782072460468523,0.21483171783078603,397.7088453770908,0.09307718692359816
right,-0.09652628025279641,10.522507468990494,-0.46171113112247064,-0.10086951696276225,13.513455106653247,-0.48248599915674223,0.6765159494666448,24.40334869721253,3.2359575385335297,-0.12645564451959623,56.29909418326222,-0.6048713212096698,-0.14360244761149588,394.3879109259255,-0.6868890870446472
right,-2.1425931920187007,9.712824997402723,0.7617158122748127,0.40525618190806745,13.424669344060785,-0.14407309933186727,0.3442179661488069,16.11349827529962,-0.1223733318398101,-0.1042158020164008,49.27950802137211,0.03704988169499464,-1.3155162954730595,394.69645104007157,0.4676807372018701
right,0.8071183497318355,74.64973473971646,-1.2286904946049855,-0.28624483647632815,26.447215017064114,0.43575556152957867,-0.48498194775261544,34.01631587864296,0.7382965700837247,0.05067050026957165,54.56006867647916,-0.07713659596363698,-0.7434551997844734,338.4993089274107,1.131774958955319
right,19.97170328198717,86.10246747469299,0.9383783468287376,0.8373370644916682,29.755431117538585,0.03934261185548412,-0.09094204439759423,49.69299924294477,-0.004272947783878204,-0.17387572599852152,59.26341691742326,-0.008169619486751394,0.7389872821602905,275.85746783658976,0.03472160858640783
right,-7.125751813622017,61.018777061254895,0.868359408871605,-0.39649855658167976,18.7988572041101,0.04831816504660199,-0.18257935744476583,50.584678257470216,0.022249512339148705,-0.4048159004785603,58.2293522256308,0.04933173442406335,-0.09634804318197876,275.250898823303,0.01174117931858087
right,-31.426133058778987,25.629641782200096,0.9577682681890763,-0.546007266751535,20.47248271713776,0.016640559413312273,-0.46440178764936135,48.05161324717585,0.014153484778700341,-0.008367567196716275,55.80242461500774,0.0002550167508030671,-0.3669239359100578,276.2049738201271,0.011182670868108069
right,9.005503430729803,22.6645904514864,0.9434198314286478,0.37623156135657393,21.161100711611557,0.039414155901819625,0.02512455351542836,46.62213325625511,0.0026320574107342913,0.16379702246957817,52.33869804363622,0.01715943595107163,-0.025061774825932304,274.74529052079384,-0.002625480692273491
right,15.621179089901322,17.384811961614343,1.01185095623888,-0.19537979468922945,18.418302872801945,-0.012655589629201396,0.3290682404977098,46.87210916315018,0.021315165257320964,-0.1911904697545661,54.062964539552915,-0.012384229034924945,-0.12545566231460015,275.0726100517792,-0.008126302832074635
right,-2.876559520261318,13.699968996147948,1.1868529962972945,0.40906733967089914,19.81457509865714,-0.16877898557498466,0.16956073720619133,46.39619635500214,-0.06995984876727479,-0.12499828354244791,55.68444067895597,0.05157361991275466,-0.0007567188551655946,277.17984831874105,0.0003122181322103692
right,-6.350215332983197,16.640405468884417,0.8429837062137472,-0.416618082933924,19.392905998161638,0.055305566380269205,-0.2459606743119413,49.52995560057073,0.03265099369739141,-0.38444485230794667,57.0808799178334,0.05103460740143173,-0.13578368432386423,271.23919048405224,0.018025126307160366
right,2.45028840811453,17.58135673002769,2.2723035012423276,-1.0585451132554693,14.552839676419966,-0.9816541428787309,-0.3387064601350023,47.07128401526455,-0.3141033817526782,0.03192024309788222,53.7506598459259,0.029601609309182073,-0.006629113808817699,267.21189502893895,-0.006147585920100486
right,2.536210708583202,13.987425040638714,0.8899911078603346,0.5090183973582598,18.595704030259125,0.17862153402831438,-0.1472146458775923,39.55875606900801,-0.051659637479827734,-0.037885219315859864,52.37093140679239,-0.01329444284591378,-0.010425815417599793,270.71324602682154,-0.0036585615629075394
rest,8.622386611241527,47.493202540774455,1.206227599731939,-0.1945714555225112,19.878738040372454,-0.027219547249862253,-0.2651381169601121,23.393630576579454,-0.037091460733305257,-1.102946010322458,82.69751997845452,-0.1542964817804213,0.08849424277910911,415.9103343210896,0.012379890031649866
rest,-3.567670660679001,33.162675041358,1.0239920411033676,-0.15797983591411147,10.152627738290569,0.045343337436891645,0.060570313690201105,18.44582552094102,-0.017384877990418525,0.14950834695089787,85.73693140443288,-0.04291185255510753,0.03149137685510517,414.9857395609147,-0.009038647994733135
rest,-12.5138942573133,17.74088889545012,1.121029158948502,0.35182333539168686,11.384578131410054,-0.03151730465854815,0.48760944785424376,22.19270391515901,-0.04368139908997002,0.4613014535759545,84.14705545865826,-0.04132465640915529,0.050297611942623166,409.8045710371086,-0.004505798790828419
rest,3.8255054184483077,7.1147078803279395,0.8465633005068045,0.32782826367817186,10.49144771323596,0.07254659098388577,-0.2765118953233825,21.380686028893276,-0.06119056101854998,0.6223261695182944,83.93779841668417,0.13771735716763392,0.01971722027925571,414.2165447976459,0.004363312360225836
rest,9.248326115177132,10.277180385659122,0.9257190068606306,-0.10127659404271117,10.650824616703,-0.010137366144732905,-0.3832531876136729,18.48143825016004,-0.03836205122910559,1.085087025660967,79.518603237748,0.10861270150322626,0.14154143131790642,418.9781653272822,0.014167709009981742
rest,-2.5356808518168457,19.562986278202008,1.162403682310801,0.0707779412789159,9.874357270647929,-0.03244593636854584,0.1620918442184534,17.612109305425044,-0.07430594290171673,-0.0735494032046684,78.68307804799677,0.03371642651937481,0.1949488907376452,416.48331673731747,-0.08936822955991348
rest,-5.6802085951495425,17.41936117458568,0.8979310852177447,-0.17535387526169322,11.18832971602585,0.02772005514820779,0.16625756340862816,15.655398257207313,-0.026282104228469303,-0.46795317124481,81.35579782791473,0.07397434299257016,-0.16862671253484451,419.6265722980397,0.026656620869946645
rest,3.564101440093017,11.271244163377837,0.901060958752152,1.0433176145428036,15.814922688882705,0.26376711938322717,-0.40368658490411574,18.72603580855395,-0.10205832447338854,0.008525135002350914,83.25801515685677,0.002155288351868393,-0.2568077481241129,423.841623700734,-0.06492504201385894
rest,0.8883393528401743,8.651444284462478,0.6148049810435494,0.4358887472314043,14.62939276282445,0.3016713963215754,-0.0877086758971865,15.800833942089966,-0.06070172468428995,-0.09606249100193376,81.42711796908863,-0.06648326202212698,0.30445548658760413,417.61779304781794,0.21070860934129215
rest,-12.777911048967555,36.28526837033403,0.9486729984771756,-1.9246422656834237,22.70626200389735,0.14289159958812878,0.40915771370106596,14.773816816742736,-0.03037717774207066,2.2046472398120365,82.64814894905632,-0.1636800647274739,-1.3804987550748278,420.0906104404892,0.1024926444042403
rest,9.451682933764467,54.21216417204947,1.0265923014640983,-1.223274017860048,22.138807621957962,-0.1328656174901979,0.23918209917237743,16.927327355324742,0.025978707006900113,2.30856093109764,79.3466108429001,0.2507437983197042,-1.569300384668732,437.2576010712063,-0.1704491893005046
rest,9.842617637193637,44.4225972492008,0.9990972040702198,-0.7632803640759225,13.025377071167005,-0.0774785027499439,0.16618898068930696,18.179486215346984,0.01686938902579456,0.3950668753688076,72.69684355448707,0.04010215830290801,0.21091841253985133,445.2746768932235,0.021409751351021515
rest,-18.49779560742474,20.12347484692539,0.9988806089861558,-0.07353686743763166,14.733373454290737,0.003970989435062854,0.03479336101348526,19.655508790357047,-0.0018788408292215871,0.1885293669092396,73.07330153603374,-0.010180582207021872,-0.17051533104703775,441.6638184807114,0.009207824615024686
rest,0.43482932766629734,21.283378102536197,0.21677289376913605,1.2840643942499075,12.420033297988253,0.64013703036397,0.7945701441633444,19.28404269362586,0.3961123560300227,-0.31773534469235765,75.06440455196035,-0.15839872276175987,-0.18980739303157623,442.34573832112716,-0.0946235574013689
rest,8.00284509814691,14.558105688560932,0.8337446376087346,0.9509489204248116,16.1696276105603,0.09907083709861998,0.5846345945477062,21.54815548563403,0.06090783367499822,0.07727140721052961,78.56859559725473,0.00805021471891012,-0.01702347459541187,440.575198966725,-0.0017735231012630328
rest,1.2466696589372388,10.501107522491916,2.5724750025759278,0.3611203595024364,16.37303071717531,0.74516379786862,-0.8263409096153429,21.32475786511402,-1.7051360144623042,0.11673225158835998,73.51304993503005,0.2408743944738754,-0.41356259533668727,437.40152983336725,-0.8533771804561187
rest,-0.6415759660440143,9.019669972973535,0.31945390490744724,-0.5996490892750048,15.51800435033999,0.29857764829356626,-0.17533976428103326,18.0886553800093,0.08730528472022708,-0.17336412222037073,68.66788709848731,0.08632157179396271,-0.41842329988998217,437.6379232612706,0.20834159028479665
rest,-1.7669705168945986,13.39145494762327,1.023432372788638,-0.24272404240586612,15.503635091217703,0.14058618424990027,0.5017607690963493,15.537840084908165,-0.29062070338956336,-0.23834044506469548,70.93115281874306,0.13804719710476737,0.01976004256257924,432.86801625782164,-0.011445050753742301
rest,0.08826726956568809,14.311077949589665,-0.09021149665708714,-0.19413246690710037,18.24115229513434,0.19840854345663073,-0.28910062713569024,13.443323667420332,0.29546852855807837,-0.5657009411633029,71.57921169590816,0.5781614047173628,-0.017781357232564243,432.323176917176,0.018173019925015247
rest,-7.423687481770678,19.89903676931486,0.7253342157652576,-1.3081812230160705,17.85871691077871,0.12781634515262158,-0.9612635773734349,12.090050565992815,0.09392062431911039,-1.4446832625248378,65.87762183922277,0.1411533289656625,0.9029647401653702,408.90131873016884,-0.08822451420265218
rest,4.425082399784637,27.35798852093791,0.9658585208401553,0.014783021381788553,12.210425360201047,0.003226675997278059,-0.16230141010969057,13.263656865119247,-0.035425374204658085,-1.0247298070046835,52.17275146191062,-0.22366679899622458,1.3286674385854893,361.69724767940454,0.2900069763634493
rest,15.67405954813272,17.610212126500453,0.8891456416335596,1.4052584616550794,11.681924871184696,0.07971638953599275,0.3962052276120294,13.120718993593528,0.022475616495002834,-0.04438793350707371,42.11467678285619,-0.0025180035521580398,0.19708983067121233,339.8596696379497,0.011180355887602939
rest,-12.887180000105273,23.894632880264147,0.9485324021012513,-0.23380252284204645,13.470964767899488,0.017208517969554814,-0.05912230383913113,10.393276852426936,0.00435156650856378,0.20451089790490604,39.48647279797696,-0.01505257265313588,-0.610847579660225,339.4408388215599,0.04496008607376599
rest,-9.071619605887344,26.784984332756704,0.8493729752640465,-1.2365610652645773,16.35337008168622,0.11577883517269871,-0.16777796690357927,9.827181474105432,0.01570899983947316,0.07563740629056659,36.35616446109512,-0.007081907268309666,-0.2800510782526152,338.2421221247384,0.02622109699209119
rest,8.807776930794375,15.877810168380906,1.0169014526175022,0.10189293555999746,15.822539685185186,0.01176404386675105,-0.19160367763027356,12.615629627874249,-0.022121593182935884,-0.14934011282425935,37.22847006702086,-0.01724205538563229,0.09266083442778028,333.0082472981338,0.010698152084315023
rest,3.4900488739535653,12.843792428897741,0.7238112986860715,1.0265530643507046,10.63987167175898,0.21289979983464719,-0.1356906413557355,13.116224660927738,-0.028141273342107243,0.7025124803990774,39.8523729558919,0.14569608883580207,-0.2616575514141103,331.1741705921143,-0.05426591401441346
rest,-2.514239754731861,13.120696555609603,1.3013840124368325,-0.0017050592564010758,7.590431372114169,0.0008825478367214982,0.38681178429934804,12.897806384676576,-0.20021585887421536,0.35093442961755106,41.73116726527329,-0.1816455472308869,-0.15377515302858819,336.6796919715351,0.0795948458315482
rest,-3.3928439386190297,11.66011905906304,0.8373686482830927,-0.5470722278884639,10.325685807786948,0.13501980647145279,0.13198503926275607,13.370570743658824,-0.03257448203350884,-0.21581485648027526,40.98737765751523,0.0532640457149508,-0.02804643240566279,335.47329699269716,0.006921981564012646
rest,1.2947993506404716,12.435912191381997,1.459986528085237,0.3434410479664482,12.548342432267328,0.387256375263444,-0.4577177083405181,12.29453765345024,-0.5161121586233798,0.3161852239013559,37.5209318420127,0.3565233231289858,-0.6098508605354938,333.24993555453557,-0.6876540678542871
rest,-1.5552011656301106,16.409440839411978,-0.7762452161039581,0.15371122510007518,11.025792934301897,0.07672165233818411,0.3074965246707073,12.077645723463943,0.1534802773553219,0.9269112111044667,41.49951817308064,0.46264779713012183,2.1705743144206697,347.0021897829568,1.0833954892803304
rest,5.033270816618618,27.166483042116273,0.6633600527189271,-0.909305592201223,11.767100717276296,-0.11984195318650663,-0.2619000827298898,14.809659939787569,-0.03451712793064186,0.7410369654285967,56.034473205574635,0.09766498532730059,2.984437715320674,377.4202469788579,0.39333404307092085
rest,7.626832898532724,28.56852958545638,1.0740223426679252,-1.280958142945171,13.628954967437759,-0.18038649644601554,-0.1064972964690295,15.902334182471106,-0.014997113135056691,0.6232992593594546,68.07028559291189,0.0877739606500639,0.23850972387040914,397.23713419812435,0.03358730626308315
rest,-8.802346815977058,19.651959868922532,1.1110185185318464,0.27255067074574035,12.683578470236727,-0.03440092156868529,0.24654995390918488,18.71703124323774,-0.03111915154707209,0.3399372850166763,76.8252342299914,-0.042906355167402446,0.020536540990695573,392.68995771561697,-0.0025920902486865384
rest,-6.061514621061271,15.479221965795576,0.8703927662755793,0.295063330697395,12.200663765983352,-0.04236911146594357,-0.8154017889322001,20.568620115099336,0.11708621739998269,-0.43876077755191567,78.52825059116712,0.06300309918905592,0.0564996593017939,389.20770681935704,-0.008112971398674297
rest,6.315251753437758,13.539628845384447,1.1868596496958355,-0.8302307276339468,11.635786039213414,-0.1560297813986516,-0.05009165773538571,16.931452809941437,-0.00941399799622248,-0.18268732182917558,75.53997213932153,-0.03433342315641109,0.06873398918011064,387.96676880822054,0.012917552855449672
rest,2.1589148001974925,12.750593827579685,0.5098130804109797,0.8738863055580677,11.65857884056682,0.20636232116467687,0.5040408704022891,17.114255882138895,0.11902583129696256,0.5418580972534555,76.92730606391578,0.1279561128031296,0.15601826386067974,382.62495305234063,0.036842654324251246
rest,-1.5440151536077762,6.278245756257633,0.7656563751860757,0.31177802921569564,12.499317316031098,-0.15460653682974687,-0.5700662113834944,16.050281410306496,0.28268817699364535,-0.1721532810910864,74.88360839598731,0.08536849969937171,-0.0421335972911423,387.9442046255331,0.02089348495065405
rest,-0.8966476029390594,8.319596814699633,0.7402442262553431,-0.6524856171994446,11.448488528579375,0.5386717248374442,0.5296897749446565,15.937431873598149,-0.4372953168268528,-0.12660655584354963,74.21670826910209,0.10452241400307624,-0.06523618146335725,392.16882956919306,0.053856951730989144
rest,0.25638241425803243,13.30381048699005,0.1706144571819564,0.4646257975800848,11.697032259534408,0.3091938987947811,0.3890074771344315,18.279363178234494,0.25887227773826915,0.18222912802304259,78.35040494832155,0.12126777045285808,0.21045559006666886,384.7724726932625,0.1400515958321353
rest,0.8327547947990082,12.468155977275625,-0.8249184391646103,0.5874107188324689,14.672482246034244,-0.5818830901415533,-0.3308364829225021,16.2516099646731,0.32772325877392205,-1.3872433290607826,73.22417820909415,1.374189147750917,-0.7115852536794617,382.6209261036336,0.7048891227813245
rest,-4.555214822230819,21.11622048840495,0.6507018319214133,-0.696318228099861,14.402627471116633,0.09946743771854831,0.54568799392839,12.916258728771048,-0.07795025946390637,0.11947373723942034,66.10108154914667,-0.017066545206339143,-2.414092793224879,385.3738547685269,0.3448475350302838
rest,8.218283647829814,33.67475613530054,0.9888592631770474,0.5358282650236289,13.869726935036637,0.06447316325965703,-0.0046822946903293805,12.960800848157046,-0.0005633938515470419,0.5494921556036052,65.02615904649763,0.06611726138890756,-0.9880488782388173,399.65811687499917,-0.11888629397406482
rest,2.4489031931364416,31.674123635506742,0.6889258760324093,1.5982565624694551,14.24349197823064,0.4496218166197104,0.19263748650064833,13.377393808903081,0.05419281150683951,-0.773756927856444,60.005207448163794,-0.217673434725252,0.08862830589218751,410.093287935207,0.024932930566292796
rest,-12.012619756253375,11.7424310503013,0.994741549429768,-0.3617859306766297,13.193632088264232,0.029958785389491555,0.19943787480029007,13.477288704517688,-0.016515060379776503,0.14451071273316551,58.30696146400948,-0.011966649507785945,-0.04566434454993784,408.9617620407398,0.003781375068302948
rest,1.5737667288199773,11.21240277493116,0.6528412767979406,-0.3933443427316633,14.93039296463288,-0.16316994013638225,0.1279307380652499,16.07095514991447,0.0530691524040818,0.4165362718948896,62.7445109564008,0.17279058363396121,0.6857527994619116,402.7515811284967,0.28446892730039874
rest,5.9618123914377605,12.121261497792972,0.9009104506422565,0.6693417844514773,17.633715647295617,0.10114659252443332,0.10920866963382356,19.05436077340868,0.01650290638382904,0.2318345100407428,64.86224025353843,0.03503332865945196,-0.354655748417832,397.07217661179124,-0.05359327820997089
rest,-0.1578682080537721,12.352637551093842,0.49246502187110897,-0.055397685041271905,15.946833370420869,0.17281137546177974,0.1275224023944482,19.727577492894248,-0.3978022140014893,-0.3234879609276711,61.571486222680285,1.0091107495121752,0.08866409954718779,402.32886562514227,-0.27658493284357455
rest,-5.1317395658471625,10.629376114431455,0.9535447775975106,-0.52045281206553,9.928623691424512,0.09670698494402223,-0.25885331984399707,21.02579809429083,0.048098354979609015,-0.2703803475461465,60.652059718790994,0.05024022849551334,0.7996760882879598,398.56494932857316,-0.14859034601665522
rest,1.2487846279566757,16.53875224369418,2.353846507641674,-0.2833648914365331,10.136635729074737,-0.534117289053694,-0.6783733437492192,20.864252269296074,-1.2786726312238863,-0.421117920767034,56.543960353077594,-0.7937693377317867,0.664600865360524,407.4323720358326,1.2527127503676931
rest,4.289308499680807,20.23989252788695,1.169001152960664,-0.3575736262309722,11.128483209306872,-0.09745253375070556,0.1053431638942984,17.621687067952845,0.028710054326501134,-0.3236690534650021,58.57250282789018,-0.08821223670585386,-0.04420088359837959,411.09262197149604,-0.01204643683060591
left,8.285147773572461,52.72091529399193,0.848820948452388,0.37787293554349644,26.895799778010538,0.038713427003151266,0.28722000034618395,19.92435463722785,0.02942595108393824,-0.5880211183807821,82.67194242652191,-0.06024330006594348,1.39855244061549,416.7968503804404,0.14328297352646605
left,-2.1220612381103816,32.88031035852251,1.873449089838661,0.6071081563560284,18.800804473203364,-0.535981809823561,0.32826123379126465,15.869818605360193,-0.2898034696789329,0.19372800642682975,79.14844843483758,-0.17103161341365763,-0.13973906969851102,425.91196982666065,0.12336780307749025
left,-16.503375569263714,17.240521892796522,0.881131263907659,-0.3480459899603944,12.997678087836134,0.01858251372543155,-0.7480630637490813,19.976304106540184,0.039939814135446644,-0.5526277049171328,76.7941878344863,0.029505330352592004,-0.5776459331821613,416.9423917535503,0.03084107787887086
left,4.812659697876015,22.60041916346794,0.8668652505749489,0.9176174048682528,12.955716146915105,0.1652829602629313,0.16311615048613443,21.291991733233836,0.029380785582323293,-0.2995192375798198,77.9637817316472,-0.05394996431001283,-0.04207724598653595,414.99322352545187,-0.007579032110190546
left,10.330278876275942,16.93235785896373,0.9766320646001868,-0.698907320167222,13.622067373970335,-0.06607520544548606,0.4090920051320186,22.165885866210658,0.03867585516021854,0.5216902027617236,77.67462084569519,0.04932097050883745,0.015298329488804274,416.39233366580606,0.0014463151762434316
left,-4.196747034541843,10.90086816430488,0.7722519998751123,-0.7281287199958439,16.01167057324088,0.13398445404386447,-0.64868700342514,22.097589281652866,0.11936622140074891,0.09484774190839829,81.17708085305505,-0.017453126855046516,0.04428812532376569,419.921854670143,-0.008149548464679246
left,-3.829348481522668,12.260757764015626,1.069515670938495,0.3832085483134948,14.403719593769697,-0.10702801002219207,0.4792794610319711,25.68654250816538,-0.1338600800648011,-0.5131916638992747,82.70216935672785,0.14333156916474446,-0.10039889009916814,420.25052790582873,0.02804084998375367
left,2.8267940156528377,14.77887010506033,0.7560338941826332,0.267732083118499,13.978827569727315,0.07160568767192622,0.5195956683306278,24.963445161907217,0.13896730159792323,-0.31737328288972655,81.45449336086024,-0.08488236413548231,0.44222940739268046,407.6280163964298,0.1182754806829997
left,2.2464333179898723,14.473482752481067,0.7635729937519853,0.8668929433528112,17.446116574612656,0.29466088965003523,-0.652277717367345,15.258565396479488,-0.2217121894602083,0.06006513595240666,83.63418503771449,0.020416415351397457,0.4208883766818319,404.9043756265861,0.1430618907067904
left,-11.043138369190382,53.739681407200926,0.7749590329445281,-0.42947779613990655,33.71560539431547,0.030138868720172535,0.13698679600042407,20.40797778951729,-0.009613132735059713,-0.20428917171785904,77.04964000297387,0.014336118380731424,-2.7100455212214305,405.0079164462886,0.19017911268962773
left,17.802467461356247,69.2747637685145,1.1749844080599212,-0.4180628631489045,33.48379410256399,-0.02759265516733201,0.18681684949732136,24.411664223023788,0.012330138268681706,0.34534303892701,74.38827886222029,0.02279305871796011,-2.7653272963860265,415.2881675773883,-0.1825149498792311
left,9.047737665830315,54.26874191943491,1.04378659442011,-0.1485214259412866,18.231914588706033,-0.01713408137010208,-0.42527809660153626,19.907919396103512,-0.04906194150716981,0.5025848354368749,69.24398118461885,0.057980385060125976,-0.30833571305354335,435.77772559025846,-0.035570956602964145
left,-26.689087620955405,23.399621029116545,0.9795674757291786,-0.9799158340100258,16.536190901331018,0.0359657734869354,0.2778780101425411,18.190269172414244,-0.010198934666550882,-0.04634343229360971,70.01315657151807,0.0017009393364512577,0.1916810347952176,430.3810315523896,-0.007035253886014506
left,4.203920117206172,29.51053776920329,1.0025604486495092,0.09561393925566897,12.19984967933058,0.02280223010065565,-0.08487651973738564,19.73562986321262,-0.020241545827534343,-0.09114076519869252,83.92710310189693,-0.021735457358924765,0.06966691417521176,424.8503317057914,0.01661432443629417
left,9.406684167908132,21.33838831178506,1.2779239846718198,-0.32213385833185787,12.320222596502596,-0.04376277299088922,-0.6856455235525861,17.08010973153947,-0.09314683515366369,-0.1864772788223766,82.98476318736796,-0.025333452569444956,-0.8515169360425445,428.32023765865284,-0.11568092395782188
left,-2.4147705005824402,13.101735558150173,0.7284901868988147,-1.2244760491583617,14.443328955970115,0.3694010613800952,-0.05158897180337339,17.553510295527712,0.015563408490327512,0.6977896578978882,79.4992776044232,-0.21050982616173386,-0.3217146424109416,429.8102001179053,0.09705516939249646
left,-0.9384424354888166,16.595866974243968,12.470426625087624,0.12481372034319238,16.543990651830505,-1.6585783874247402,0.045776677145936,18.949716957353704,-0.6083001704748926,1.0139947003544272,86.88919069336846,-13.47439760906708,-0.32139609703682814,428.3551119169684,4.2708495418790875
left,-1.5208784519838265,17.594138875315487,1.5821823155087498,0.9572114828433715,15.738999596390196,-0.9957949488870758,-0.11451992872059945,19.63181991901594,0.11913602021168083,0.16266509511741134,87.4975704771957,-0.16922183131045754,-0.44573180063441575,426.08068982197244,0.46369844447710273
left,3.2802768745269733,12.32364470792176,0.8774888027657384,0.5811973674558051,14.818243258502536,0.15547290721090004,0.005308870173272112,17.402167209931733,0.0014201466249872737,0.0631218981365711,83.65528318508437,0.01688539136872338,-0.19165004431705768,428.88859028695197,-0.05126724797034897
left,-1.502517849103116,14.556096846755567,-1.9486888990213531,1.5580123550554372,13.340072461188933,2.020662438484139,0.3275183711683361,14.796557367965542,0.42477459718848953,0.7922503725491464,75.40770137453849,1.0275082636479884,-0.40422285945785563,411.0862172399613,-0.5242564002992637
left,-0.031041849487064788,22.028204143939426,-0.04087859613013448,0.9764973960368996,12.026466549357629,1.2859363515487137,0.6210120465972147,20.36351484340258,0.817802452633315,-0.06642397647806197,46.63645617102822,-0.08747284561558512,-0.7406767981939848,370.89957200008854,-0.9753873624363094
left,9.535913902276913,27.145510961160607,1.1344418256561346,-0.5097025011871769,13.204248955950893,-0.06063685577637338,0.1979355252654485,19.033169724800864,0.02354743771236503,-0.3921120066525301,18.567739762578494,-0.04664768004903798,-0.4262148180314539,347.3131511959261,-0.0507047275430884
left,-2.4565863281490223,28.26503987332052,0.8430388998082973,-0.5558955718017143,18.11075977683936,0.19076943720236836,-0.21198445520884696,11.475580527000739,0.07274775563469903,0.18356978134445717,16.20984434866375,-0.06299655124242513,0.1269310038898983,347.23280052479,-0.04355954140293955
left,-10.319640146753684,19.979783887711292,1.0928843802451451,0.967023617892976,17.313753519141926,-0.10241103297151709,0.31076786261980155,9.755349212917277,-0.032911355251683934,-0.21764256720096792,18.895004603581917,0.02304907523788189,-0.18308140579639753,346.9841585305014,0.019388932740173934
left,1.5902717605151775,18.256874697315812,0.6211553378348306,0.9383604726577124,13.370500590793222,0.36652076134190387,0.24563142489120232,8.302809220679588,0.0959428913343201,-0.011230334231900951,19.17300782686098,-0.0043865345703898145,-0.20284964086102159,344.99770287678723,-0.0792324559406646
left,3.285466878654195,14.635097929467937,1.937710490744734,-1.0462693961038605,13.890714974984117,-0.6170712595361988,-0.5349331927580504,8.222310710340011,-0.3154941741124606,-0.07285812229856697,14.992551862254725,-0.042970437118430446,0.06413446891552693,346.3450173391877,0.037825380022355956
left,-2.18202437315329,14.87301024103038,0.8411573795918311,-0.20638282256474927,12.501099257742766,0.07955934697945498,-0.1083740228914023,11.078601237599122,0.04177753934958132,0.06500997955787435,19.642762422373238,-0.025060959320631068,-0.16230262404895068,345.2720600707491,0.0625666933997637
left,-2.525124179375885,12.424666274713028,1.4561522223209749,0.890766698284252,16.5096568097839,-0.5136745027710767,0.05994774437647954,13.131613299125643,-0.03456980132300501,0.14994030463733787,23.785923466291596,-0.08646541409583582,-0.3096378546940749,339.6974556543645,0.17855749586894243
left,5.032661769700502,14.238675269926821,1.4072907083519632,-1.0934978398324526,20.387349458560987,-0.3057764300521896,0.008524993860915153,11.908517782824477,0.002383856733916252,-0.2625168749477904,21.214732468851803,-0.07340798484091358,-0.10903689786121684,338.72103416263616,-0.03049015019277647
left,0.24828198801135226,18.817599557411555,0.20578967115614974,-0.6515349216702777,18.146403047275502,-0.5400277255357876,0.2857903959321342,10.277443424590608,0.23687868809786805,0.9505285405868047,34.17112009350347,0.7878499659143602,0.37341820315711005,341.80913792343785,0.30950940036740954
left,-2.201498211658671,36.41564309734123,3.3498321503656863,1.1302106027685495,14.707064396634603,-1.7197451234746983,-0.15036800093987363,15.574826352867946,0.2288021681176379,0.42154750945172514,59.205035175834986,-0.6414329080940047,0.14291152668775142,363.3544288056032,-0.21745628691462124
left,7.919672965749371,38.533125788677225,1.0853788928376094,-0.2618247514846224,11.73656825344145,-0.035882675978271564,0.13688541132566226,15.728613372687795,0.018759933248861105,0.0691012129893005,76.8686172901586,0.009470214031870204,-0.5671451590483385,380.3554958459866,-0.07772636414006896
left,-7.295062450268363,25.069932576940975,0.9559797462041087,-1.2025090626948143,12.202058561363334,0.15758251781941085,0.2925612999472278,12.00848500818385,-0.038338626869795514,0.6818683132303367,82.23882124572195,-0.08935527303163544,-0.10783823262277092,379.4874814449039,0.014131635877911337
left,-11.39393815450917,19.42025524211828,0.8982133691886014,-0.35415513518256736,16.118255095633113,0.027918957683817785,-0.504039814105507,17.292052556546867,0.03973475136458706,-0.6825126603867102,75.12431844102969,0.053804223604391806,0.24953268820975483,384.55385446742224,-0.019671301841398134
left,5.813052813478813,16.97769659575919,1.0280781894767201,0.5287484869221093,16.918191750884404,0.09351279002024478,-0.1573121875383986,18.222737462784153,-0.027821737413445666,-0.2887765701343248,75.4793539991019,-0.05107211355427603,-0.24142197127118825,377.05510468586766,-0.04269712852924325
left,7.676731937606299,14.650766884662268,0.8730230568268885,0.09958792447248527,15.276215688562365,0.01132546439717474,0.27498084836757686,16.981126317934574,0.03127172119097964,0.32913999423700724,79.9310421919916,0.03743087634532864,0.41283443000590525,369.10188984047386,0.04694888123962853
left,-3.9875358871259183,16.1912211626542,0.9066887186019975,-0.1028354584827473,12.13557222641594,0.023382798981095854,-0.17701074203779926,17.58063886201264,0.040248827200579596,-0.3376784558064392,74.84328003015948,0.07678156512224348,0.20714998681312569,376.63859324697006,-0.04710190990591644
left,-3.423102918272838,13.080736798217254,0.8509351550409513,0.1403920014295217,12.048765041932167,-0.034899473476309194,0.2767779887297375,18.609858524104308,-0.06880310828354994,-0.28882064995122025,79.18043316555632,0.07179674418590795,-0.7280005624761468,381.021890377442,0.18097068253300003
left,2.145263228203241,11.90977493556791,1.3331617760905052,-0.3998975768654071,16.232705487526516,-0.24851410158868725,-0.2616820476983188,18.76986774317047,-0.16262083780398429,-0.11562098726400905,84.57974588338314,-0.07185201270770147,0.24109185135475109,381.4760837600318,0.14982517600986792
left,3.0057422963017144,13.519573203865857,0.9130480663233744,-0.41330510301432766,16.89601073536455,-0.125548828844419,0.09175085230733426,17.570184560854347,0.027870964981198773,-1.1437830927201507,77.3478451372558,-0.3474446037461202,1.7515819722005987,384.15864598404056,0.532074401285966
left,4.574372211637254,40.07489100872114,1.3211266384958675,-0.18764654547351223,17.682324402094885,-0.05419428904716377,0.682318989952446,16.589282353152456,0.1970608756507665,-1.172624666103819,68.79698664916602,-0.33866629379348095,-0.433941770024858,400.6955996929905,-0.12532693130598907
left,6.280972808585424,41.70046448791964,1.1497247763521097,0.25024751843907656,18.22239026603788,0.04580751755154246,0.3048714768181423,13.049484856404376,0.05580636967919281,0.17176974426097452,68.25289887905181,0.0314422521515398,-1.544838624901135,406.6404203713098,-0.282780915734385
left,-5.430661744914794,21.37143649973191,1.0552256109836828,-0.1805038650300157,17.94186407681018,0.03507349752349619,0.4991626768403417,21.29548820714366,-0.09699172318038832,0.04133384564551551,66.70419737503376,-0.008031531804836923,-0.07577702642215756,406.95670949237547,0.014724146478046292
left,-7.55841050692832,16.855907948248944,0.9213368331584688,-0.34415075005766826,16.81580060091862,0.04195045531022662,-0.471263352587136,22.38204742784996,0.057444919729919136,0.30439886283223067,65.30198619008239,-0.03710487595795599,-0.1343171569451045,411.4960799991952,0.01637266775934127
left,2.6317561109349845,10.244878735246681,0.7706134853874239,0.5421145299754155,9.606705198688093,0.15873840500938444,-0.3788661899516381,16.57688540275296,-0.11093710162616899,0.422815118693333,72.57643573277817,0.12380593738794816,0.19732454713152947,403.7345345129356,0.057779273841412376
left,2.0335186564350307,11.09644172037025,1.6931827528001868,0.20095290923798032,11.292571155735267,0.1673208155578288,0.050685712648081804,15.869723094565439,0.04220279671275309,-0.8477861747010695,70.66207980322697,-0.7058980868082135,-0.23636745940501136,408.4342032890335,-0.1968082782625555
left,0.3577834035941415,12.180130338406137,-0.48441732066326304,-0.11867529833368666,11.841513330967336,0.16067925306264608,-0.46068111226177993,14.99958293505442,0.6237346613628041,-0.17056862902019798,62.94493172074955,0.2309397177989263,-0.34644343997094007,412.9139702585382,0.4690636884388865
left,-1.3140952146424756,10.473645447546367,1.6799744214819632,-0.40570207358235266,11.243540409003822,0.518660367046523,-0.007167245291672897,18.59434207651649,0.009162797815813844,0.8477651252459842,64.29722715610596,-1.083805579662805,0.09698796633483131,403.40598163531195,-0.12399200668149493
left,-5.992845595014784,32.039132762445945,1.259226823968076,0.10299858454209349,17.246252144540023,-0.021642236301572488,0.4763900967540234,23.015300356671208,-0.10009989061030253,0.6206991757941211,69.61782528412024,-0.13042235769014593,0.03361071139430849,388.6939074939725,-0.007062339366055082
left,3.4020580878509605,35.425967283020555,1.20085239625249,-0.17008225525466075,17.54301604749413,-0.060035331116760945,-0.13452935089742574,20.46151397196887,-0.04748593034562643,-0.10353646193974164,68.77030320408933,-0.03654611567740236,-0.1608740042856307,392.6606015893698,-0.05678501911270017
