timestamps,,,,,
254534.306,-168.945,-104.980,-74.219,39.062,-126.953
254534.310,367.188,-898.926,424.316,980.469,62.988
254534.313,141.113,391.602,-14.160,60.547,-141.113
254534.317,-443.359,-1000.000,-629.395,-1000.000,-376.953
254534.321,-316.406,-643.066,-229.980,-368.652,-150.391
254534.324,374.512,908.691,371.582,912.598,194.824
254534.328,364.746,797.363,55.176,477.051,79.102
254534.331,-278.809,-839.844,-656.738,-864.258,-191.406
254534.335,-349.121,-992.188,-564.453,-635.254,-10.254
254534.338,117.676,691.406,290.039,704.590,149.902
254534.342,340.820,-979.980,283.203,778.320,120.117
254534.345,-158.203,-637.695,-575.684,-669.922,33.203
254534.306,-168.945,-104.980,-74.219,39.062,-126.953
254534.310,367.188,-898.926,424.316,980.469,62.988
254534.313,141.113,391.602,-14.160,60.547,-141.113
254534.317,-443.359,-1000.000,-629.395,-1000.000,-376.953
254534.321,-316.406,-643.066,-229.980,-368.652,-150.391
254534.324,374.512,908.691,371.582,912.598,194.824
254534.328,364.746,797.363,55.176,477.051,79.102
254534.331,-278.809,-839.844,-656.738,-864.258,-191.406
254534.335,-349.121,-992.188,-564.453,-635.254,-10.254
254534.338,117.676,691.406,290.039,704.590,149.902
254534.342,340.820,-979.980,283.203,778.320,120.117
254534.345,-158.203,-637.695,-575.684,-669.922,33.203
254534.349,-539.551,-1000.000,-587.891,-1000.000,-53.711
254534.352,-117.188,446.289,250.488,270.020,-16.113
254534.356,439.941,-896.973,361.816,998.047,104.004
254534.359,135.254,-313.965,-443.848,-148.438,-43.945
254534.367,-533.203,-1000.000,-675.781,-1000.000,-234.863
254534.371,-242.676,-250.488,-59.082,-53.223,-58.594
254534.375,446.289,989.258,333.008,-997.070,175.293
254534.378,318.848,61.035,-304.688,297.363,234.863
254534.382,-485.840,-1000.000,-666.504,-953.125,27.832
254534.386,-474.609,-627.930,-124.512,-503.418,-127.930
254534.389,318.848,838.379,377.930,891.602,66.895
254534.393,348.145,926.270,170.898,581.055,5.859
254534.397,-346.680,-732.422,-488.770,-875.488,-253.906
254534.401,-454.590,-1000.000,-458.008,-788.086,-247.070
254534.404,189.941,602.051,231.445,701.660,69.824
254534.408,435.059,-949.219,246.582,807.129,133.789
254534.412,-178.711,-541.992,-459.473,-653.320,-292.969
254534.416,-522.949,-1000.000,-557.617,-975.586,-273.926
254534.419,29.297,205.078,16.602,334.473,171.875
254534.423,551.270,-889.648,221.191,995.117,465.332
254534.427,-3.418,120.605,-150.879,-231.445,2.930
254534.431,-591.309,-1000.000,-551.270,-1000.000,-334.961
254534.434,-228.027,-546.875,-184.082,-90.820,-51.270
254534.438,398.438,926.270,352.051,982.422,181.152
254534.443,238.281,558.105,-38.574,268.555,85.449
254534.447,-459.961,-954.590,-612.793,-973.633,-276.855
254534.451,-320.801,-989.258,-445.801,-438.965,-77.148
254534.455,300.293,667.969,258.301,920.410,291.992
254534.459,350.586,951.660,176.270,660.156,101.562
254534.463,-270.020,-702.148,-529.297,-810.547,-135.254
254534.467,-362.305,-1000.000,-699.219,-734.375,167.480
254534.471,190.430,256.348,-75.195,726.562,442.383
254534.475,353.516,-922.852,325.684,886.230,83.008
254534.479,-103.516,-390.137,-367.676,-524.902,-271.484
254534.482,-508.301,-1000.000,-595.703,-1000.000,-333.984
254534.486,-113.281,152.344,74.219,158.203,-136.719
254534.490,406.250,-875.977,386.719,-990.723,21.973
254534.494,120.605,124.023,-202.148,-26.855,-196.289
254534.498,-502.441,-1000.000,-647.949,-1000.000,-365.234
254534.502,-335.938,-445.801,-111.328,-273.926,-131.348
254534.506,354.492,989.746,412.598,930.176,96.191
254534.510,383.789,605.957,-30.762,422.363,41.992
254534.514,-309.570,-938.477,-658.691,-904.297,-73.730
254534.517,-455.566,-930.664,-377.441,-647.461,-98.145
254534.533,189.453,750.000,317.871,791.992,32.715
254534.537,459.473,897.949,137.695,809.570,123.535
254534.542,-200.684,-783.691,-594.238,-687.500,-37.109
254534.546,-570.312,-1000.000,-493.164,-963.379,-265.137
254534.550,65.430,470.703,182.617,505.859,23.438
254534.554,526.855,-947.266,230.469,-983.887,236.328
254534.558,-43.945,-429.199,-404.297,-406.250,-29.297
254534.562,-583.496,-1000.000,-569.336,-1000.000,-350.098
254534.566,-106.445,-25.391,-25.391,99.121,-183.594
254534.570,557.129,-915.527,252.930,-987.793,203.613
254534.574,267.578,200.684,-250.488,93.262,-48.828
254534.578,-464.844,-1000.000,-577.637,-1000.000,-388.672
254534.582,-255.371,-621.582,-180.664,-292.969,-171.387
254534.586,573.242,878.906,182.617,939.941,392.090
254534.590,359.375,875.488,95.215,355.469,283.691
254534.594,-416.504,-782.715,-461.426,-964.355,-324.707
254534.598,-383.789,-1000.000,-395.508,-667.969,-268.555
254534.602,258.301,658.203,306.641,796.387,131.348
254534.606,422.363,-970.215,266.113,802.246,93.262
254534.611,-172.363,-596.191,-458.984,-704.590,-286.133
254534.608,-442.383,-1000.000,-544.434,-949.219,-312.012
254534.612,106.445,309.082,94.238,484.375,182.617
254534.616,536.133,-895.996,309.082,-984.375,349.609
254534.620,26.367,-112.305,-195.312,-306.641,-118.164
254534.623,-424.316,-1000.000,-662.598,-1000.000,-272.949
254534.627,-38.086,-524.414,-259.277,147.949,153.809
254534.631,369.629,953.613,385.742,-983.398,149.414
254534.634,193.848,461.914,-50.781,163.574,-80.078
254534.638,-302.734,-1000.000,-749.512,-961.426,-122.070
254534.642,-293.945,-710.938,-275.879,-416.016,44.434
254534.645,270.996,854.004,439.941,879.395,60.547
254534.649,363.281,920.410,153.809,543.457,-65.918
254534.653,-210.449,-744.629,-680.664,-874.512,-94.727
254534.656,-401.855,-1000.000,-516.113,-785.156,-64.941
254534.660,175.781,623.535,309.082,694.336,122.070
254534.664,489.746,-970.215,261.719,883.789,187.988
254534.667,17.578,-627.441,-612.793,-488.770,115.234
254534.671,-492.188,-1000.000,-600.098,-1000.000,-84.473
254534.675,-103.027,372.559,252.441,245.117,-6.836
254534.679,502.930,-879.883,382.812,-950.195,172.363
254534.699,111.816,-92.773,-268.066,-147.949,-91.797
254534.704,-491.211,-1000.000,-566.406,-1000.000,-328.125
254534.709,-106.445,-168.945,-24.902,8.301,-149.414
254534.714,523.438,-921.387,359.863,-976.562,146.973
254534.719,279.785,594.238,-31.250,223.633,18.066
254534.724,-382.324,-901.367,-619.141,-977.051,-261.719
254534.729,-353.027,-870.117,-335.449,-493.652,-165.527
254534.734,366.699,774.902,271.484,887.695,204.590
254534.739,433.105,961.426,89.844,610.840,210.938
254534.744,-364.746,-722.656,-474.609,-862.305,-186.523
254534.749,-540.527,-1000.000,-382.324,-852.051,-258.789
254534.754,216.797,596.680,246.582,651.367,231.934
254534.759,541.992,-938.477,213.379,882.812,407.227
254534.764,-163.574,-458.008,-389.160,-583.496,-163.086
254534.769,-550.293,-1000.000,-551.270,-1000.000,-338.379
254534.774,12.207,-24.414,-20.508,292.969,143.066
254534.779,469.727,-965.820,372.070,-939.453,282.227
254534.784,114.258,26.367,-201.172,-129.883,-35.645
254534.789,-433.594,-1000.000,-653.320,-1000.000,-247.070
254534.794,-101.074,-800.293,-375.000,-55.664,126.465
254534.759,436.035,750.977,166.016,987.793,485.840
254534.762,163.086,837.891,135.254,255.859,72.754
254534.766,-393.066,-873.047,-541.504,-959.473,-318.359
254534.769,-378.906,-872.070,-310.059,-589.844,-175.781
254534.773,241.699,786.621,396.973,818.848,63.477
254534.776,396.484,986.328,255.371,717.285,20.508
254534.780,-209.473,-667.480,-518.066,-773.926,-198.730
254534.783,-478.516,-1000.000,-502.930,-944.336,-261.719
254534.787,98.633,539.551,251.953,498.047,-33.691
254534.791,515.137,-916.016,306.641,882.324,92.773
254534.794,66.895,-454.102,-450.195,-411.621,-16.113
254534.798,-391.113,-1000.000,-783.691,-1000.000,-32.715
254534.801,-178.223,80.078,-8.789,-9.277,35.156
254534.805,416.504,-890.625,392.578,979.980,222.168
254534.808,234.863,181.641,-194.336,97.656,33.691
254534.812,-439.941,-1000.000,-682.129,-998.047,-262.695
254534.815,-310.547,-658.203,-210.938,-306.641,-136.719
254534.819,349.121,884.766,390.625,923.828,51.270
254534.822,389.160,549.316,-62.500,519.043,56.641
254534.826,-385.742,-1000.000,-589.355,-881.836,-138.672
254534.838,-511.719,-902.344,-267.090,-724.609,-251.953
254534.842,261.719,742.188,299.805,789.551,94.238
254534.847,562.012,833.984,-29.297,870.117,429.688
254534.851,-198.242,-824.219,-617.676,-679.199,20.996
254534.856,-608.398,-1000.000,-412.109,-1000.000,-360.352
254534.861,39.551,455.566,244.141,427.246,-58.105
254534.865,491.211,-872.559,362.793,972.168,83.496
254534.870,30.762,-181.152,-273.438,-319.824,-219.727
254534.874,-469.238,-1000.000,-631.348,-1000.000,-370.605
254534.879,-118.652,-233.398,-104.492,0.977,-87.402
254534.883,453.125,-949.219,346.191,961.914,194.336
254534.888,157.715,459.961,-43.945,66.406,-113.281
254534.893,-481.445,-992.188,-558.594,-1000.000,-413.086
254534.897,-288.574,-777.832,-256.836,-333.008,-46.875
254534.902,382.324,811.035,321.777,924.805,391.113
254534.906,292.480,920.410,178.223,449.219,168.457
254534.911,-384.766,-734.863,-462.402,-917.969,-246.094
254534.915,-397.949,-1000.000,-483.887,-713.867,-162.109
254534.920,199.219,541.504,204.102,743.652,172.852
254534.925,394.531,-966.309,318.359,841.797,137.207
254534.922,-136.230,-610.840,-468.262,-630.371,-93.750
254534.926,-459.961,-1000.000,-687.500,-992.676,-86.426
254534.929,-20.020,291.992,50.293,329.102,158.691
254534.933,410.156,-865.234,412.598,983.398,219.238
254534.937,32.227,33.691,-161.133,-241.211,-101.562
254534.940,-375.000,-1000.000,-764.648,-1000.000,-58.594
254534.944,-177.246,-441.406,-244.629,-76.172,267.578
254534.948,272.949,992.676,430.664,939.941,145.508
254534.952,210.938,614.746,-10.742,218.750,-83.984
254534.955,-368.164,-944.824,-668.945,-997.070,-179.688
254534.959,-424.316,-780.273,-253.906,-535.156,-186.035
254534.963,244.141,839.844,419.922,855.957,-9.277
254534.966,412.109,918.457,167.480,655.762,31.250
254534.970,-272.461,-758.789,-520.020,-820.312,-223.145
254534.974,-512.207,-1000.000,-401.367,-854.004,-270.508
254534.977,111.328,647.949,318.848,637.207,-16.113
254534.981,477.051,-992.188,280.762,947.266,135.254
254534.985,-58.594,-597.656,-478.027,-492.676,-102.539
254534.989,-496.582,-1000.000,-631.836,-1000.000,-214.355
254534.992,-67.383,196.289,58.105,252.930,75.195
254534.997,520.020,-998.047,290.039,-950.684,209.961
254535.001,276.855,-420.410,-523.926,52.734,195.312
254535.004,-555.176,-1000.000,-658.691,-1000.000,-166.992
254535.008,-351.074,-404.785,-61.035,-221.680,-229.980
254535.012,477.051,931.152,294.434,950.684,169.922
254535.016,268.555,714.844,-26.855,228.027,33.203
254535.019,-478.027,-882.812,-570.801,-1000.000,-430.176
254535.023,-413.086,-862.305,-299.805,-603.516,-273.438
254535.027,295.898,798.828,295.410,821.289,118.652
254535.031,427.246,930.664,173.340,732.422,206.543
254535.035,-253.906,-695.801,-498.047,-791.016,-78.125
254535.038,-537.109,-1000.000,-464.844,-934.082,-210.938
254535.042,204.102,284.180,43.457,632.812,252.930
254535.046,455.566,-921.387,270.020,871.094,358.887
254535.050,-186.523,-254.883,-208.008,-569.336,-143.555
254535.053,-533.691,-1000.000,-588.867,-1000.000,-283.203
254535.057,-118.652,-96.680,-27.344,117.188,-12.695
254535.061,380.371,-898.926,420.410,996.094,115.234
254535.065,92.285,336.426,-61.035,-12.695,-84.961
254535.068,-472.168,-1000.000,-622.070,-1000.000,-346.191
254535.072,-304.688,-615.234,-207.031,-288.574,-224.121
254535.075,377.930,921.875,354.492,936.035,93.262
254535.079,309.570,750.000,21.973,403.320,26.367
254535.083,-333.496,-873.535,-644.043,-895.508,-226.074
254535.087,-332.031,-970.215,-533.203,-569.336,27.344
254535.091,146.484,715.332,318.848,772.949,155.762
254535.094,336.426,994.629,299.316,763.672,8.789
254535.098,-169.922,-664.062,-558.594,-704.590,-164.551
254535.102,-475.098,-1000.000,-550.293,-893.555,-146.484
254535.106,30.762,404.785,205.078,477.539,85.938
254535.110,420.898,-908.691,365.723,945.801,85.449
254535.113,99.121,-335.449,-472.656,-237.793,54.688
254535.117,-463.379,-1000.000,-705.078,-1000.000,-9.277
254535.121,-232.910,-171.387,-13.184,-37.109,-7.812
254535.125,445.801,-979.980,322.754,-1000.000,151.367
254535.129,309.570,32.715,-337.402,241.211,172.363
254535.132,-471.680,-1000.000,-671.387,-970.215,-98.145
254535.136,-448.242,-574.219,-105.469,-457.520,-181.641
254535.140,298.340,876.465,375.000,894.531,113.770
254535.144,306.152,909.180,179.688,495.605,88.867
254535.151,-390.625,-758.301,-459.473,-923.828,-244.141
254535.155,-472.168,-1000.000,-383.789,-736.328,-305.176
254535.159,227.051,678.711,302.246,753.906,54.688
254535.163,458.984,-959.961,323.730,818.359,193.848
254535.167,-166.992,-564.453,-409.180,-671.387,-158.691
254535.171,-513.672,-1000.000,-548.828,-1000.000,-230.469
254535.175,54.688,263.184,57.129,380.859,136.230
254535.179,596.191,-894.531,152.832,-984.863,465.820
254535.183,-12.207,-30.273,-236.816,-318.359,19.043
254535.187,-613.770,-1000.000,-558.594,-1000.000,-401.367
254535.191,-211.914,-436.035,-156.250,-31.250,-149.414
254535.195,413.574,970.215,363.281,986.328,180.176
254535.199,230.469,500.000,-43.457,190.918,59.082
254535.203,-470.703,-980.957,-580.566,-1000.000,-336.914
254535.207,-327.637,-970.703,-361.816,-389.160,-75.684
254535.211,280.762,676.270,297.363,922.363,247.559
254535.215,278.809,966.309,226.074,541.504,-5.859
254535.219,-293.945,-743.164,-533.691,-849.121,-267.090
254535.223,-381.836,-1000.000,-643.555,-725.586,58.594
254535.227,141.113,523.438,145.996,676.758,319.824
254535.236,314.941,-907.715,397.949,822.754,94.727
254535.240,-123.047,-484.863,-382.812,-567.383,-169.434
254535.244,-415.039,-1000.000,-737.305,-1000.000,-169.434
254535.248,-125.977,289.062,118.164,190.430,9.277
254535.252,353.027,-848.145,467.773,975.098,77.637
254535.256,87.891,80.566,-165.039,-101.074,-98.145
254535.259,-511.719,-1000.000,-603.516,-1000.000,-289.551
254535.263,-301.270,-352.051,-112.793,-218.750,-86.914
254535.267,336.914,-969.727,408.691,935.547,149.414
254535.271,301.758,578.613,-24.414,345.703,178.223
254535.275,-361.816,-950.684,-640.625,-949.707,16.602
254535.279,-465.332,-876.465,-321.289,-617.188,-123.535
254535.282,233.398,790.039,321.777,816.895,58.105
254535.286,439.941,889.648,93.262,725.586,181.152
254535.290,-245.117,-787.109,-572.266,-740.723,-18.066
254535.294,-586.914,-1000.000,-428.711,-926.270,-234.863
254535.298,64.453,526.855,248.535,559.082,80.078
254535.302,508.301,-966.309,228.516,985.352,249.023
254535.305,-105.469,-553.223,-476.562,-477.051,-118.164
254535.309,-651.855,-1000.000,-526.855,-1000.000,-354.980
254535.312,-160.645,186.035,92.773,148.438,-20.508
254535.316,494.141,-919.434,211.914,964.355,190.430
254535.320,165.039,103.516,-243.164,-21.973,-88.379
254535.324,-546.875,-1000.000,-545.410,-1000.000,-338.867
254535.327,-310.059,-563.477,-169.434,-289.551,-178.223
254535.331,504.883,917.480,202.148,918.457,274.414
254535.335,304.688,811.035,40.039,291.992,130.371
254535.339,-443.848,-816.895,-531.250,-987.793,-271.484
254535.343,-413.574,-996.094,-429.688,-662.109,-168.457
254535.347,227.539,662.598,260.254,803.711,201.172
254535.350,341.309,-989.746,266.113,742.188,139.160
254535.354,-261.719,-634.766,-438.477,-758.789,-207.031
254535.358,-501.465,-1000.000,-533.691,-938.965,-216.797
254535.362,70.801,387.207,111.816,501.953,135.742
254535.366,471.680,-902.344,324.707,973.145,269.043
254535.370,-71.777,-201.660,-215.820,-405.762,-121.582
254535.373,-462.891,-1000.000,-643.555,-1000.000,-229.980
254535.377,-30.273,-475.586,-241.699,160.156,175.781
254535.381,341.797,968.750,360.352,-999.023,160.645
254535.385,126.953,419.922,-72.754,80.078,-158.203
254535.388,-384.277,-1000.000,-708.984,-1000.000,-151.367
254535.392,-335.449,-640.625,-257.812,-395.508,37.109
254535.395,278.809,898.438,405.273,881.836,184.082
254535.399,311.035,884.766,165.527,452.637,32.715
254535.403,-283.691,-774.902,-654.785,-927.246,-159.668
254535.407,-412.598,-1000.000,-499.023,-737.793,-69.824
254535.410,183.105,667.480,308.594,732.422,119.141
254535.414,427.734,-991.699,283.203,812.988,112.793
254535.418,-54.688,-660.645,-648.438,-588.379,-26.855
254535.422,-540.527,-1000.000,-624.023,-1000.000,-224.609
254535.425,-142.090,421.387,279.297,247.559,-154.785
254535.429,428.711,-889.648,344.727,997.559,40.527
254535.433,-4.395,-198.730,-337.402,-259.277,-115.723
254535.437,-586.426,-1000.000,-578.613,-1000.000,-279.297
254535.440,-242.188,-161.621,-21.484,-79.102,-125.977
254535.444,397.949,-932.617,365.723,965.820,131.836
254535.448,186.035,396.484,-62.988,120.605,-12.695
254535.452,-441.406,-1000.000,-643.555,-1000.000,-226.562
254535.455,-386.719,-802.734,-314.941,-455.566,-149.902
254535.459,340.820,804.199,281.250,885.254,218.262
254535.464,503.418,573.242,-166.016,660.156,430.176
254535.468,-386.719,-975.586,-638.672,-843.262,-72.266
254535.471,-622.070,-957.520,-318.359,-875.000,-270.508
254535.475,157.227,615.234,281.250,654.297,126.953
254535.478,430.176,-934.570,264.648,867.676,233.398
254535.482,-217.285,-466.797,-351.562,-644.043,-126.465
254535.485,-566.406,-1000.000,-554.199,-1000.000,-344.238
254535.489,15.625,45.898,-67.383,336.914,54.688
254535.492,429.688,-959.961,332.520,-993.164,220.703
254535.496,21.484,-9.277,-198.730,-199.707,-120.117
254535.499,-489.258,-1000.000,-651.367,-1000.000,-301.270
254535.503,-133.301,-771.973,-387.207,-42.969,132.812
254535.506,358.398,773.926,206.055,945.801,447.266
254535.510,57.617,776.855,132.324,124.023,-16.602
254535.513,-498.535,-905.762,-536.133,-990.723,-302.246
254535.517,-431.152,-830.566,-308.105,-553.223,-145.508
254535.520,191.895,807.129,374.512,812.500,75.684
254535.524,300.781,972.168,246.582,627.441,17.578
254535.527,-302.246,-696.289,-526.367,-838.379,-243.164
254535.531,-534.668,-1000.000,-445.801,-931.152,-210.449
254535.543,60.547,584.961,308.105,527.832,19.531
254535.547,397.461,981.934,254.883,830.078,173.828
254535.552,-71.777,-529.297,-490.234,-530.762,117.676
254535.556,-436.035,-1000.000,-759.277,-1000.000,80.078
254535.561,-202.637,183.594,60.059,44.434,42.480
254535.565,334.473,-878.906,435.547,968.750,53.711
254535.570,134.766,95.215,-190.430,-8.301,-31.738
254535.574,-479.492,-1000.000,-666.504,-1000.000,-246.094
254535.579,-307.617,-607.422,-205.078,-272.949,-149.414
254535.583,305.176,907.227,395.508,918.945,-8.301
254535.588,364.746,498.047,-111.816,446.289,39.062
254535.592,-364.746,-1000.000,-662.109,-895.508,-20.996
254535.597,-552.246,-845.703,-239.258,-697.754,-178.223
254535.601,240.723,775.879,318.848,803.223,101.562
254535.606,517.578,776.367,-53.711,816.895,308.105
254535.610,-250.977,-849.121,-628.906,-739.258,-143.555
254535.615,-623.047,-1000.000,-410.156,-999.023,-406.738
254535.619,27.344,508.789,219.238,466.797,16.113
254535.624,505.859,-874.023,210.938,930.176,230.957
254535.628,-68.359,-260.254,-297.852,-459.961,-117.676
254535.626,-578.125,-1000.000,-516.602,-1000.000,-322.266
254535.629,-124.023,-66.895,-15.137,76.660,-25.391
254535.633,433.105,-904.297,386.719,-999.512,250.977
254535.637,118.164,390.137,-45.410,6.348,-36.133
254535.640,-513.672,-1000.000,-524.902,-1000.000,-331.055
254535.644,-195.801,-553.711,-235.840,-183.594,26.367
254535.648,461.426,906.738,201.172,972.168,531.738
254535.652,222.168,862.793,128.906,343.262,195.312
254535.655,-453.125,-757.324,-446.777,-947.266,-287.598
254535.659,-438.477,-1000.000,-413.574,-691.406,-143.555
254535.663,160.156,629.883,305.664,735.352,150.879
254535.666,351.562,-991.699,276.855,763.672,93.262
254535.670,-211.426,-646.484,-521.484,-705.566,-165.039
254535.674,-494.629,-1000.000,-675.293,-974.609,-162.109
254535.677,-19.531,331.055,62.500,348.633,60.547
254535.681,343.750,-884.766,401.855,936.035,47.363
254535.685,-17.090,-180.176,-289.062,-282.227,-143.066
254535.688,-444.336,-1000.000,-793.945,-1000.000,-60.547
254535.692,-204.590,-315.430,-190.918,-59.570,166.504
254535.696,265.137,-974.609,432.129,939.453,174.805
254535.702,126.953,517.090,-31.250,116.699,-24.414
254535.706,-376.465,-993.652,-742.676,-1000.000,-42.969
254535.710,-437.012,-716.309,-261.230,-561.035,-41.504
254535.714,156.738,869.629,428.711,816.895,11.719
254535.718,300.293,881.836,95.215,533.691,-6.836
254535.722,-371.094,-791.016,-555.664,-888.184,-274.902
254535.725,-555.176,-1000.000,-403.809,-825.195,-292.969
254535.729,77.148,690.430,333.496,626.953,19.043
254535.733,404.297,997.070,273.438,870.605,108.887
254535.737,-141.602,-628.418,-524.902,-591.309,-95.215
254535.741,-538.574,-1000.000,-612.793,-1000.000,-164.551
254535.745,-104.980,290.039,118.164,265.137,65.430
254535.749,440.430,999.512,301.270,-964.355,275.391
254535.752,170.410,-476.074,-520.508,-3.906,250.000
254535.756,-604.980,-1000.000,-688.477,-1000.000,-194.336
254535.760,-346.191,-389.648,-106.934,-177.246,-259.277
254535.764,420.898,934.082,301.270,962.891,143.066
254535.768,181.641,674.805,10.742,189.453,45.898
254535.772,-548.340,-903.809,-512.695,-1000.000,-239.746
254535.775,-451.660,-812.500,-237.793,-547.363,-154.785
254535.779,351.562,827.637,251.465,844.727,211.426
254535.783,398.926,912.109,93.750,608.398,204.590
254535.787,-342.773,-726.562,-512.207,-858.887,-143.555
254535.790,-500.488,-1000.000,-486.328,-863.281,-195.801
254535.794,225.586,438.477,107.422,665.527,213.379
254535.798,454.590,-960.449,270.996,881.348,283.203
254535.802,-178.711,-444.824,-383.789,-569.824,-150.879
254535.805,-547.852,-1000.000,-656.250,-1000.000,-321.777
254535.809,-94.238,-180.176,-70.312,223.633,1.953
254535.813,362.793,-937.988,371.094,995.605,102.539
254535.817,47.852,224.121,-111.816,-88.379,-170.410
254535.821,-497.559,-1000.000,-639.160,-1000.000,-350.098
254535.824,-296.875,-463.379,-146.973,-263.672,-143.555
254535.828,381.348,978.027,385.254,935.059,145.508
254535.832,286.621,654.297,-13.184,330.078,40.527
254535.836,-346.680,-901.855,-632.324,-931.152,-164.062
254535.839,-313.477,-951.660,-507.812,-517.090,68.848
254535.843,163.086,718.750,304.199,795.410,160.156
254535.847,299.805,999.023,294.922,691.406,18.066
254535.851,-209.473,-673.340,-545.410,-756.836,-140.625
254535.853,-492.676,-1000.000,-524.414,-958.496,-117.676
254535.856,41.992,490.234,259.277,477.051,102.539
254535.860,440.430,-917.969,341.797,953.613,107.422
254535.864,52.246,-428.711,-541.992,-309.570,-54.688
254535.868,-498.535,-1000.000,-707.031,-1000.000,-200.195
254535.871,-136.230,33.203,81.543,134.766,11.230
254535.875,470.215,-911.621,377.441,-949.707,271.484
254535.879,271.973,-41.016,-351.074,163.574,146.484
254535.882,-474.121,-1000.000,-695.312,-972.168,-140.625
254535.886,-428.711,-517.578,-99.121,-394.043,-189.453
254535.890,360.352,912.598,382.324,919.922,85.449
254535.893,332.520,868.164,134.277,453.125,42.480
254535.897,-394.043,-797.363,-501.953,-940.430,-309.570
254535.901,-465.332,-941.406,-330.078,-714.355,-244.141
254535.904,250.488,758.301,336.426,770.508,65.430
254535.908,452.148,987.305,234.863,778.809,76.172
254535.912,-182.129,-637.207,-514.160,-705.078,-151.855
254535.915,-507.324,-1000.000,-529.297,-893.555,-221.191
254535.919,71.289,343.750,85.938,491.211,88.867
254535.923,589.355,-944.336,92.285,993.164,460.449
254535.930,-44.434,-318.848,-391.113,-366.699,22.461
254535.933,-615.723,-1000.000,-574.707,-1000.000,-433.105
254535.936,-167.480,-271.484,-86.426,17.578,-165.527
254535.940,417.480,992.676,354.492,-997.070,51.270
254535.943,191.895,386.719,-73.730,151.855,-14.648
254535.946,-491.211,-1000.000,-588.379,-1000.000,-273.438
254535.950,-308.594,-927.734,-364.258,-327.148,-49.805
254535.953,291.992,702.148,298.340,942.871,319.336
254535.956,253.418,944.824,168.945,490.723,27.832
254535.959,-309.570,-754.395,-551.758,-878.906,-248.535
254535.963,-345.215,-1000.000,-620.117,-655.762,132.324
254535.966,179.688,517.578,106.934,770.020,395.020
254535.969,291.504,-924.316,348.633,793.945,20.508
254535.972,-207.031,-543.945,-441.406,-650.391,-270.508
254535.976,-486.328,-1000.000,-630.371,-1000.000,-180.664
254535.979,-92.773,344.727,181.641,254.883,26.367
254535.982,380.371,-850.586,405.273,966.797,49.316
254535.986,34.180,-1.465,-242.188,-198.730,-119.629
254535.989,-544.922,-1000.000,-597.168,-1000.000,-247.070
254535.992,-270.996,-293.945,-51.758,-146.484,-136.230
254536.017,359.863,-958.984,412.109,953.613,40.527
254536.021,274.414,457.031,-100.098,280.762,22.949
254536.025,-379.395,-1000.000,-641.602,-970.703,-42.480
254536.029,-466.309,-776.855,-205.566,-593.750,-90.332
254536.033,209.473,838.867,408.691,827.148,36.133
254536.038,423.828,848.145,24.414,699.219,44.922
254536.042,-294.434,-810.547,-615.723,-791.504,-182.617
254536.046,-567.871,-1000.000,-418.457,-872.559,-248.047
254536.050,107.422,578.613,244.629,624.023,80.566
254536.054,503.418,969.727,215.332,956.543,257.812
254536.058,-120.117,-696.289,-497.559,-510.254,51.758
254536.062,-656.250,-1000.000,-519.531,-1000.000,-286.133
254536.067,-85.449,283.203,139.160,229.492,-53.223
254536.071,514.160,-865.234,282.227,-994.141,362.305
254536.075,104.492,44.434,-223.145,-101.074,50.781
254536.079,-570.312,-1000.000,-544.922,-1000.000,-355.957
254536.083,-286.621,-461.914,-152.832,-239.746,-188.477
254536.087,504.395,958.008,208.496,923.828,287.109
254536.091,242.188,758.301,80.566,226.562,180.664
254536.096,-485.840,-844.727,-478.027,-1000.000,-311.035
254536.092,-382.324,-953.125,-353.027,-589.355,-183.594
254536.096,255.371,722.168,335.449,832.031,238.281
254536.100,342.285,986.816,242.676,686.035,125.000
254536.103,-275.879,-656.738,-439.453,-798.828,-252.930
254536.107,-467.285,-1000.000,-543.457,-893.066,-267.578
254536.111,113.281,397.949,99.609,564.941,130.859
254536.115,451.172,-947.754,261.719,946.777,169.922
254536.118,-100.098,-368.164,-394.531,-477.539,-303.711
254536.122,-495.605,-1000.000,-686.035,-1000.000,-350.586
254536.126,-18.066,-452.637,-234.863,238.281,150.391
254536.130,353.027,961.426,351.562,-997.559,133.789
254536.134,63.965,330.078,-98.145,-45.410,-101.562
254536.137,-404.297,-1000.000,-718.750,-1000.000,-130.371
254536.141,-302.246,-571.289,-222.656,-326.660,-36.133
254536.145,284.668,931.152,419.434,896.973,33.203
254536.149,328.613,744.141,32.227,449.707,-54.199
254536.152,-262.207,-863.770,-750.488,-918.945,-175.781
254536.156,-385.254,-993.164,-444.824,-616.699,-99.121
254536.160,181.152,685.547,308.594,792.969,115.723
254536.164,360.352,998.535,216.797,762.695,108.398
254536.168,-139.160,-686.035,-647.461,-638.184,32.715
254536.172,-566.406,-1000.000,-563.965,-1000.000,-37.598
254536.175,-103.027,492.676,293.945,322.754,-26.367
254536.179,436.035,-901.367,328.613,989.258,113.770
254536.183,-20.996,-308.105,-346.191,-323.730,-40.039
254536.187,-580.078,-1000.000,-576.660,-1000.000,-326.660
254536.190,-230.957,-70.312,36.133,-25.391,-133.301
254536.194,413.086,-916.016,419.434,980.469,125.977
254536.198,181.152,435.059,-62.988,125.977,-50.293
254536.202,-422.363,-1000.000,-637.207,-986.328,-207.520
254536.205,-317.871,-771.484,-262.695,-393.555,-75.195
254536.209,364.258,831.543,296.875,907.715,229.492
254536.213,465.820,480.957,-221.191,615.234,368.652
254536.217,-428.711,-1000.000,-649.414,-868.164,-93.750
254536.221,-607.910,-940.918,-313.965,-810.059,-334.473
254536.224,162.598,644.531,271.973,708.496,90.820
254536.228,417.969,-970.703,219.727,843.750,198.242
254536.232,-234.863,-572.266,-423.828,-668.457,-229.492
254536.236,-572.266,-1000.000,-505.371,-1000.000,-333.008
254536.239,75.684,161.133,21.484,411.133,73.730
254536.243,467.285,-946.289,326.660,-983.887,198.242
254536.246,5.859,-90.332,-208.496,-235.840,-46.875
254536.250,-499.023,-1000.000,-632.812,-1000.000,-180.176
254536.254,-138.184,-689.941,-288.574,11.230,119.629
254536.257,387.695,814.941,301.758,-975.098,375.977
254536.261,145.508,537.598,0.488,182.617,31.738
254536.265,-447.266,-1000.000,-619.629,-969.238,-257.812
254536.268,-353.027,-806.641,-337.891,-429.688,-33.691
254536.272,239.258,799.805,334.961,864.746,94.238
254536.276,296.875,958.008,207.031,557.617,-6.348
254536.280,-314.453,-729.980,-526.855,-867.188,-187.500
254536.283,-521.973,-1000.000,-423.340,-888.672,-228.516
254536.287,88.867,643.555,328.125,579.590,45.410
254536.291,449.707,-956.055,313.965,894.531,107.422
254536.294,-34.668,-568.359,-494.141,-532.227,-13.672
254536.298,-421.875,-1000.000,-774.902,-1000.000,65.918
254536.302,-165.527,256.348,61.523,153.809,14.648
254536.305,339.844,-878.418,431.152,971.680,-17.578
254536.309,91.797,21.484,-191.895,-86.426,-112.305
254536.313,-506.836,-1000.000,-610.840,-1000.000,-195.801
254536.319,-268.066,-520.508,-157.715,-180.664,33.691
254536.323,371.094,947.266,369.629,944.824,147.949
254536.327,346.680,473.633,-140.137,383.789,113.770
254536.331,-370.605,-1000.000,-686.523,-909.668,-71.777
254536.335,-502.930,-831.055,-283.203,-636.719,-242.676
254536.339,258.301,788.086,302.246,828.125,-5.371
254536.343,513.184,712.402,-51.758,832.031,264.648
254536.347,-271.973,-890.137,-635.254,-717.285,-10.254
254536.351,-617.188,-1000.000,-403.320,-976.074,-363.770
254536.355,67.871,531.738,236.328,516.602,-75.684
254536.359,444.336,-886.719,328.613,895.508,166.504
254536.363,-86.426,-354.980,-308.594,-506.348,-194.824
254536.367,-528.320,-1000.000,-556.152,-1000.000,-445.312
254536.371,-91.797,82.520,52.246,125.488,-130.371
254536.375,477.051,-892.578,396.484,-979.004,169.922
254536.379,166.992,184.570,-160.645,52.246,13.672
254536.383,-515.625,-1000.000,-577.148,-1000.000,-305.664
254536.387,-260.254,-677.734,-249.512,-254.395,-44.922
254536.390,528.320,853.516,97.168,941.406,542.480
254536.394,272.461,810.059,-29.785,285.156,188.965
254536.404,-497.559,-841.309,-520.020,-981.445,-345.215
254536.408,-439.453,-990.723,-362.305,-645.508,-170.898
254536.413,189.941,700.684,336.914,773.926,112.793
254536.417,386.230,987.305,256.348,792.969,85.938
254536.422,-183.105,-677.246,-502.441,-702.148,-132.324
254536.427,-438.477,-1000.000,-597.168,-938.477,-131.836
254536.431,42.480,395.996,138.672,451.660,69.336
254536.436,363.281,-875.488,413.086,933.105,47.363
254536.440,-27.344,-212.891,-266.602,-367.188,-166.016
254536.445,-421.387,-1000.000,-654.297,-978.516,-136.230
254536.450,-126.953,-184.082,-92.773,63.477,56.152
254536.454,394.043,-944.336,375.488,969.727,254.395
254536.459,186.523,372.559,-76.660,108.398,68.359
254536.463,-306.641,-1000.000,-796.875,-998.535,-112.793
254536.468,-307.129,-677.734,-340.820,-387.207,-1.465
254536.473,208.496,877.930,422.363,865.723,12.695
254536.477,304.688,875.000,109.375,472.656,-55.664
254536.482,-356.934,-795.410,-545.410,-908.203,-289.062
254536.487,-493.652,-1000.000,-373.535,-769.043,-343.750
254536.491,160.156,698.242,311.035,697.754,-78.125
254536.483,446.777,-999.512,247.070,867.188,15.137
254536.486,-127.441,-651.855,-522.461,-609.375,-84.473
254536.490,-503.906,-1000.000,-578.613,-1000.000,-138.672
254536.494,-63.965,443.848,210.449,298.340,-40.527
254536.497,473.633,-992.188,272.461,-988.770,174.805
254536.501,177.734,-551.270,-572.266,-82.520,291.504
254536.505,-560.059,-1000.000,-644.531,-1000.000,-125.000
254536.509,-310.547,-161.133,21.484,-138.672,-162.598
254536.512,444.824,-970.703,317.383,966.309,307.617
254536.516,198.242,573.242,-45.898,131.348,173.340
254536.520,-536.133,-929.688,-498.047,-1000.000,-274.414
254536.524,-386.230,-755.371,-199.707,-479.980,-216.309
254536.527,345.215,857.422,329.590,863.770,158.203
254536.531,395.996,880.859,88.867,623.047,143.555
254536.535,-346.191,-768.555,-533.691,-847.168,-192.383
254536.538,-540.527,-1000.000,-417.969,-854.004,-209.473
254536.542,243.164,531.738,126.465,702.637,239.258
254536.546,425.781,-937.500,248.047,835.449,259.766
254536.550,-247.559,-458.984,-339.355,-652.344,-233.398
254536.553,-539.062,-1000.000,-581.055,-1000.000,-234.375
254536.557,-63.477,60.547,-7.324,237.793,63.965
254536.560,396.973,-877.930,381.348,981.934,91.309
254536.564,70.312,140.625,-115.723,-139.160,-165.527
254536.568,-464.844,-1000.000,-615.234,-1000.000,-322.266
254536.572,-239.746,-414.062,-137.695,-172.363,-75.684
254536.575,407.227,-992.188,386.719,950.195,211.426
254536.579,271.484,554.199,-23.438,269.043,30.273
254536.583,-363.281,-950.195,-650.879,-944.824,-218.262
254536.587,-271.484,-944.336,-527.344,-440.918,78.125
254536.590,204.590,711.914,293.457,837.402,190.430
254536.594,272.949,984.375,257.812,607.422,-19.043
254536.598,-258.789,-712.402,-578.613,-815.430,-164.062
254536.602,-486.816,-1000.000,-499.023,-902.344,-174.316
254536.605,48.340,557.617,289.062,521.973,-51.758
254536.609,418.945,-936.523,322.754,944.336,101.562
254536.613,35.156,-488.770,-565.430,-355.469,1.465
254536.617,-500.000,-1000.000,-687.500,-1000.000,-93.262
254536.620,-182.617,29.785,35.645,92.773,31.250
254536.624,443.359,-933.105,312.012,-983.887,128.906
254536.628,228.516,-87.891,-357.910,85.938,84.473
254536.634,-496.094,-1000.000,-697.266,-1000.000,-159.668
254536.638,-403.809,-493.652,-66.406,-335.449,-262.695
254536.642,336.426,925.293,396.973,927.734,33.203
254536.646,288.086,801.270,54.199,400.879,42.969
254536.650,-413.574,-842.285,-516.113,-955.566,-258.789
254536.654,-452.148,-892.090,-261.230,-686.035,-199.219
254536.658,246.582,774.902,374.512,781.738,126.953
254536.662,394.043,995.117,281.250,732.910,147.949
254536.666,-232.422,-629.883,-458.496,-765.137,-191.406
254536.670,-499.023,-1000.000,-512.695,-970.703,-237.793
254536.674,99.121,427.734,153.320,482.910,170.898
254536.678,602.051,-947.754,45.898,996.582,521.484
254536.682,-91.797,-386.719,-446.777,-429.199,85.938
254536.686,-635.742,-1000.000,-584.961,-1000.000,-431.641
254536.689,-148.438,-178.223,-101.562,57.617,-171.875
254536.693,416.016,-981.445,365.723,-994.141,74.707
254536.697,150.391,254.883,-122.070,83.008,-153.809
254536.701,-526.855,-1000.000,-595.703,-1000.000,-382.812
254536.705,-260.742,-904.785,-355.469,-256.836,-74.219
254536.709,357.910,703.125,275.879,966.797,230.957
254536.713,250.000,925.781,164.062,437.012,-37.109
254536.717,-362.305,-773.926,-543.457,-908.691,-211.426
254536.722,-354.980,-1000.000,-604.980,-636.719,49.805
254536.726,198.242,548.340,132.324,784.180,276.855
254536.730,326.660,-955.078,288.574,776.855,130.371
254536.735,-200.195,-617.188,-465.820,-673.828,-146.973
254536.739,-487.793,-1000.000,-616.211,-973.145,-157.227
254536.743,-62.012,413.574,192.871,342.285,-2.930
254536.748,411.133,-842.773,422.852,984.863,73.242
254536.752,69.336,-68.359,-232.422,-223.633,-138.672
254536.757,-508.789,-1000.000,-614.258,-1000.000,-366.699
254536.761,-240.234,-151.367,-25.879,-89.844,-113.770
254536.765,400.391,-918.945,432.129,970.703,114.258
254536.770,297.852,352.539,-142.578,258.789,158.691
254536.774,-375.000,-1000.000,-680.176,-974.609,120.117
254536.778,-436.523,-716.309,-202.637,-540.527,-88.379
254536.783,241.699,858.398,402.344,853.027,62.988
254536.787,394.043,858.887,90.820,618.652,158.203
254536.791,-288.086,-803.223,-554.688,-838.867,-73.730
254536.796,-464.844,-1000.000,-422.852,-808.105,-54.199
254536.817,170.410,622.070,265.137,667.969,122.070
254536.823,515.625,949.219,185.547,940.918,220.215
254536.828,-86.426,-729.004,-560.059,-501.465,124.512
254536.833,-624.023,-1000.000,-505.371,-1000.000,-254.395
254536.839,-79.590,318.848,165.527,242.188,-118.652
254536.844,538.574,-882.324,253.418,-990.234,217.285
254536.850,123.047,-70.312,-273.438,-137.695,-1.953
254536.855,-551.270,-1000.000,-524.414,-1000.000,-267.090
254536.861,-250.000,-345.215,-102.539,-147.461,-63.477
254536.866,537.109,-995.605,188.477,951.660,330.566
254536.871,270.996,668.457,-30.273,192.383,45.898
254536.877,-481.934,-885.742,-514.648,-1000.000,-414.062
254536.882,-369.141,-875.977,-298.828,-513.184,-253.418
254536.888,300.293,776.367,297.852,875.000,77.148
254536.893,371.582,930.664,137.207,681.152,85.449
254536.898,-303.711,-699.219,-477.539,-815.918,-265.137
254536.904,-485.352,-1000.000,-505.859,-864.746,-246.582
254536.909,159.668,368.164,53.711,645.508,201.172
254536.915,451.172,-948.730,231.934,931.152,236.328
254536.920,-146.484,-382.812,-359.863,-541.992,-189.941
254536.881,-473.633,-1000.000,-692.383,-1000.000,-315.918
254536.886,24.902,-384.766,-196.289,303.223,203.125
254536.891,369.629,984.375,366.699,-992.188,224.121
254536.895,92.285,232.910,-137.207,-45.898,-159.668
254536.900,-397.949,-1000.000,-700.684,-1000.000,-180.176
254536.904,-299.805,-501.465,-197.754,-275.879,20.996
254536.909,265.625,955.566,429.199,908.691,118.652
254536.914,266.113,769.531,64.453,378.906,-17.578
254536.918,-330.078,-839.844,-640.625,-946.289,-205.078
254536.923,-387.207,-965.332,-390.625,-619.629,-74.219
254536.928,247.070,730.957,302.246,815.918,209.961
254536.932,408.691,970.215,171.387,750.488,146.484
254536.937,-104.004,-715.820,-687.012,-686.523,39.551
254536.941,-449.219,-1000.000,-642.578,-974.609,82.031
254536.946,-70.801,536.621,284.668,381.836,23.926
254536.951,430.176,-937.988,348.145,974.121,67.871
254536.955,-12.695,-476.562,-365.723,-341.309,-138.184
254536.960,-557.617,-1000.000,-566.406,-1000.000,-378.906
254536.965,-140.137,-2.441,17.090,61.523,-162.109
254536.969,468.750,-914.551,372.070,-991.211,62.500
254536.946,192.871,325.684,-127.441,88.379,-152.344
254536.950,-417.480,-1000.000,-668.945,-1000.000,-251.953
254536.953,-290.527,-723.145,-272.461,-327.637,-127.441
254536.957,379.395,834.961,295.898,946.289,119.141
254536.960,440.430,395.508,-230.957,574.219,371.582
254536.964,-423.828,-1000.000,-671.387,-882.324,-75.195
254536.967,-560.059,-889.648,-303.711,-766.602,-374.512
254536.970,234.375,687.500,260.254,749.512,90.820
254536.974,443.359,-980.469,208.008,818.359,253.418
254536.977,-258.789,-611.816,-430.664,-712.891,-236.328
254536.981,-563.965,-1000.000,-448.730,-1000.000,-325.195
254536.984,85.938,338.867,142.578,465.820,112.305
254536.988,477.051,-936.035,323.730,-975.098,146.484
254536.991,10.254,-239.258,-280.273,-258.789,-154.297
254536.994,-483.398,-1000.000,-656.250,-1000.000,-288.086
254536.998,-109.375,-623.535,-279.297,40.039,83.984
254537.001,375.977,845.215,290.527,-995.117,319.824
254537.005,75.684,603.516,36.133,73.242,-81.543
254537.008,-458.496,-981.445,-589.844,-1000.000,-278.809
254537.012,-333.984,-763.184,-270.508,-383.789,-22.461
254537.023,245.605,834.473,379.883,882.812,141.113
254537.027,272.461,922.852,169.922,518.555,-39.062
254537.030,-336.914,-762.207,-552.246,-880.371,-276.855
254537.034,-487.793,-1000.000,-420.410,-818.848,-231.934
254537.038,107.910,674.805,318.848,644.531,50.781
254537.042,416.504,-975.098,275.391,863.281,129.395
254537.045,-99.609,-611.816,-517.578,-575.684,-75.684
254537.049,-442.383,-1000.000,-759.766,-1000.000,0.000
254537.053,-161.621,333.008,96.191,196.289,100.098
254537.057,317.871,-875.488,436.035,958.008,85.449
254537.060,69.336,-50.293,-245.117,-137.207,-103.027
254537.064,-495.117,-1000.000,-676.758,-1000.000,-341.309
254537.068,-245.605,-486.328,-173.340,-142.090,-181.641
254537.072,350.586,960.938,373.047,950.195,67.383
254537.075,303.711,398.438,-144.043,315.430,110.352
254537.079,-406.250,-1000.000,-687.988,-946.289,-81.055
254537.083,-505.859,-751.953,-217.285,-621.582,-216.309
254537.087,266.113,830.078,344.727,826.660,85.449
254537.090,479.980,651.367,-113.281,742.676,270.996
254537.094,-334.473,-928.223,-668.457,-777.344,-40.039
254537.106,-658.203,-990.723,-354.492,-933.594,-321.289
254537.111,53.223,588.867,279.785,552.734,4.883
254537.116,438.477,-905.273,278.809,865.234,132.812
254537.121,-133.301,-432.617,-382.324,-550.781,-198.730
254537.126,-580.078,-1000.000,-495.605,-1000.000,-318.848
254537.130,-95.215,193.359,144.043,179.199,-15.625
254537.135,436.523,-867.188,391.113,-997.070,139.648
254537.140,83.008,200.195,-118.164,-87.891,-114.258
254537.145,-493.652,-1000.000,-616.699,-1000.000,-360.840
254537.150,-222.656,-641.602,-259.766,-176.270,-63.965
254537.154,494.141,885.742,169.922,944.824,514.648
254537.159,194.824,779.785,6.348,217.285,214.844
254537.164,-526.367,-846.191,-490.723,-1000.000,-288.086
254537.169,-399.902,-984.863,-380.371,-570.801,-177.246
254537.174,202.637,696.777,302.246,828.125,57.617
254537.179,313.965,978.027,252.930,684.570,127.441
254537.183,-265.137,-692.383,-521.973,-778.320,-102.051
254537.188,-469.727,-1000.000,-635.254,-885.742,-171.387
254537.193,35.645,419.922,101.562,508.789,95.703
254537.198,339.355,-884.277,398.926,919.434,116.699
254537.196,-81.543,-284.180,-284.668,-430.176,-181.152
254537.200,-448.242,-1000.000,-748.047,-1000.000,-221.680
254537.203,-76.660,-41.504,-89.355,153.809,93.262
254537.207,396.973,-900.879,407.227,-985.352,247.559
254537.210,146.484,269.531,-142.090,32.227,37.598
254537.213,-376.953,-1000.000,-752.930,-1000.000,-98.145
254537.217,-348.145,-574.707,-239.258,-407.715,8.789
254537.220,234.863,934.570,436.523,868.164,93.262
254537.224,302.246,805.664,86.914,441.406,10.742
254537.227,-298.828,-849.609,-693.848,-916.016,-65.430
254537.231,-482.910,-954.590,-393.066,-734.863,-204.590
254537.234,127.930,743.652,377.930,733.398,-9.766
254537.237,309.082,684.082,83.984,569.824,97.656
254537.241,-267.578,-798.828,-568.359,-803.711,-102.051
254537.244,-512.207,-1000.000,-523.438,-875.000,-101.074
254537.248,0.488,388.672,171.875,409.668,83.496
254537.251,486.328,-997.070,273.926,-987.793,209.473
254537.254,125.488,-566.895,-589.355,-196.289,108.398
254537.258,-546.875,-1000.000,-702.148,-1000.000,-209.473
254537.261,-264.160,-63.477,28.809,-69.336,-109.863
254537.264,483.398,994.141,253.418,995.117,264.648
254537.267,237.305,27.832,-338.379,153.809,173.828
254537.271,-574.707,-1000.000,-597.656,-1000.000,-318.359
254537.275,-422.363,-620.605,-148.926,-469.238,-268.555
254537.279,327.148,864.746,321.777,871.582,92.285
254537.283,352.051,863.281,75.684,531.738,66.406
254537.287,-330.078,-780.273,-541.504,-901.855,-211.426
254537.291,-467.773,-1000.000,-422.852,-785.645,-288.574
254537.295,280.273,578.613,126.465,741.699,131.836
254537.298,419.434,-957.031,213.867,768.555,225.586
254537.302,-272.949,-545.898,-376.953,-715.332,-281.250
254537.306,-538.574,-1000.000,-562.500,-1000.000,-349.121
254537.310,-17.090,201.172,39.062,307.129,-2.930
254537.314,446.777,-866.211,352.539,975.586,194.824
254537.318,21.484,74.219,-123.535,-261.230,-98.145
254537.322,-492.676,-1000.000,-594.727,-1000.000,-296.387
254537.326,-199.707,-388.184,-118.652,-75.195,73.730
254537.329,377.930,995.117,369.629,928.223,270.020
254537.333,197.266,462.891,-49.316,217.773,16.602
254537.337,-428.223,-985.352,-602.539,-945.312,-113.770
254537.346,-294.434,-918.945,-455.566,-396.484,178.711
254537.351,202.148,726.074,318.848,862.305,237.305
254537.355,264.648,975.098,229.004,557.617,16.602
254537.360,-251.953,-744.141,-573.730,-840.820,-128.418
254537.365,-490.723,-1000.000,-442.871,-887.695,-95.215
254537.369,27.344,639.160,348.145,539.551,68.359
254537.374,395.020,-952.637,322.266,898.926,48.340
254537.379,-18.555,-526.855,-542.480,-443.359,-135.742
254537.384,-484.375,-1000.000,-666.016,-1000.000,-150.879
254537.388,-100.586,120.605,54.688,194.336,69.336
254537.393,440.430,-912.598,325.195,-973.145,233.398
254537.398,231.934,-138.184,-427.734,41.016,200.195
254537.402,-407.227,-1000.000,-831.055,-1000.000,75.684
254537.407,-408.691,-348.145,-88.867,-313.965,-118.652
254537.412,318.359,965.332,401.367,939.941,51.758
254537.416,273.926,571.289,-31.738,348.633,62.012
254537.421,-486.816,-918.457,-546.875,-977.051,-283.203
254537.426,-466.797,-861.328,-288.086,-607.422,-236.328
254537.430,263.672,772.949,335.449,823.730,53.223
254537.435,368.652,978.516,247.559,667.969,70.312
254537.411,-284.668,-668.457,-465.332,-812.500,-217.773
254537.415,-486.328,-1000.000,-474.121,-896.973,-245.117
254537.418,132.812,481.445,184.082,569.824,227.539
254537.421,569.824,-958.008,110.840,932.617,610.352
254537.425,-95.703,-469.238,-448.242,-519.043,-24.902
254537.428,-622.559,-1000.000,-550.781,-1000.000,-485.352
254537.432,-121.094,3.418,11.719,118.164,-56.152
254537.435,404.297,948.242,244.629,863.770,200.684
254537.438,118.164,137.695,-211.426,-27.832,-43.945
254537.442,-531.250,-1000.000,-569.824,-1000.000,-292.480
254537.445,-278.320,-825.684,-320.312,-238.770,-71.777
254537.448,351.074,759.766,293.457,979.492,182.129
254537.452,227.539,857.422,154.785,367.676,6.348
254537.455,-365.234,-809.570,-552.246,-944.336,-158.203
254537.459,-327.637,-1000.000,-560.059,-597.168,102.539
254537.462,196.777,578.613,207.520,792.480,392.578
254537.465,283.691,-966.797,327.637,689.941,67.383
254537.469,-202.637,-647.949,-478.027,-729.980,-237.305
254537.472,-463.379,-1000.000,-498.047,-965.820,-180.664
254537.475,-8.789,458.008,260.742,390.137,-75.684
254537.502,396.484,-867.188,392.090,952.148,-34.180
254537.506,1.953,-232.422,-285.645,-319.336,-225.586
254537.511,-519.043,-1000.000,-604.492,-1000.000,-272.949
254537.516,-208.496,-39.551,7.812,-17.578,-87.402
254537.521,404.785,-912.598,387.695,992.676,30.762
254537.526,239.746,272.949,-166.992,190.430,-21.484
254537.531,-402.344,-1000.000,-682.129,-992.188,-102.539
254537.536,-420.410,-654.297,-187.012,-487.305,-142.578
254537.541,232.422,895.508,412.109,855.469,14.648
254537.546,332.031,791.504,56.641,512.207,79.590
254537.551,-371.094,-846.680,-550.781,-899.414,-166.992
254537.555,-500.977,-1000.000,-362.305,-758.301,-178.223
254537.560,198.730,647.461,290.039,720.703,107.910
254537.565,518.066,928.711,186.523,899.902,318.848
254537.570,-132.324,-762.207,-575.684,-562.500,152.832
254537.575,-664.551,-1000.000,-458.496,-1000.000,-194.336
254537.580,-71.289,388.672,217.285,279.785,-35.645
254537.585,526.855,-881.348,252.441,998.047,191.406
254537.590,66.406,-170.898,-301.758,-221.191,-38.574
254537.595,-574.219,-1000.000,-552.246,-1000.000,-299.805
254537.576,-216.309,-222.656,-62.012,-101.562,-127.930
254537.580,553.711,-957.520,187.012,955.566,319.824
254537.583,213.379,582.031,-39.551,132.324,150.391
254537.587,-549.805,-925.781,-507.324,-1000.000,-336.426
254537.591,-375.000,-847.168,-294.434,-471.191,-272.949
254537.595,280.762,792.969,352.051,878.418,10.254
254537.598,304.199,930.176,186.523,583.496,4.883
254537.602,-319.824,-696.289,-511.230,-862.305,-293.457
254537.606,-435.547,-1000.000,-558.105,-795.898,-225.586
254537.610,187.500,353.027,28.809,721.680,305.664
254537.613,397.461,-969.727,244.629,865.723,261.719
254537.617,-200.684,-458.008,-372.070,-631.836,-255.859
254537.621,-497.559,-1000.000,-643.555,-1000.000,-310.547
254537.625,-13.672,-167.969,-82.520,314.453,187.500
254537.628,361.816,-938.477,392.578,996.094,154.297
254537.632,43.457,59.082,-160.156,-149.414,-145.508
254537.636,-446.289,-1000.000,-709.961,-1000.000,-63.965
254537.639,-283.691,-409.180,-193.359,-198.242,34.180
254537.643,281.738,-996.094,442.383,933.594,80.078
254537.647,219.238,696.289,51.758,276.855,-0.977
254537.653,-376.953,-883.789,-646.973,-993.164,-252.441
254537.657,-241.699,-644.531,-244.141,-298.340,-123.535
254537.660,320.801,876.465,354.004,948.242,216.797
254537.664,341.797,904.785,149.902,625.000,192.383
254537.668,-114.746,-718.750,-689.453,-713.379,28.809
254537.672,-415.039,-1000.000,-650.391,-914.062,58.594
254537.675,-30.762,585.449,309.082,454.102,44.434
254537.679,416.016,-939.453,328.613,930.664,2.930
254537.683,-62.500,-502.441,-400.391,-456.055,-190.918
254537.687,-559.570,-1000.000,-564.453,-1000.000,-379.395
254537.691,-125.977,123.535,57.617,132.812,-173.828
254537.694,451.660,-887.207,400.391,-981.934,103.516
254537.698,141.602,236.328,-72.754,2.441,-51.758
254537.702,-457.031,-1000.000,-621.582,-1000.000,-191.406
254537.706,-276.367,-609.375,-181.152,-259.766,-36.133
254537.709,398.926,882.812,322.266,954.590,154.297
254537.713,308.594,217.285,-290.039,327.637,218.750
254537.717,-459.961,-1000.000,-676.758,-989.258,-90.820
254537.721,-511.230,-813.477,-249.023,-700.195,-208.984
254537.725,230.957,718.750,279.297,762.207,145.020
254537.741,399.414,-995.605,190.430,704.102,336.426
254537.746,-326.172,-630.371,-449.219,-806.641,-105.469
254537.751,-567.383,-1000.000,-483.887,-982.422,-333.984
254537.756,99.121,405.762,159.668,499.512,38.086
254537.761,420.898,-923.340,362.305,963.867,235.840
254537.766,-83.984,-318.359,-326.660,-392.578,-43.457
254537.770,-520.508,-1000.000,-660.645,-1000.000,-188.965
254537.775,-107.422,-444.336,-199.219,104.004,177.734
254537.780,367.676,903.809,320.801,-970.703,297.363
254537.785,62.988,472.656,6.836,33.203,-141.113
254537.790,-486.328,-1000.000,-580.078,-1000.000,-349.609
254537.794,-290.039,-779.297,-327.148,-271.973,25.391
254537.799,305.176,831.543,294.922,917.969,201.172
254537.804,219.238,916.992,149.414,395.996,-53.711
254537.809,-379.883,-786.621,-563.965,-915.527,-270.020
254537.814,-445.312,-984.863,-409.668,-725.098,-182.617
254537.818,139.160,717.773,325.195,699.707,18.066
254537.823,390.137,-997.070,244.629,815.918,101.074
254537.828,-138.184,-649.414,-545.410,-657.715,-85.449
254537.833,-417.969,-1000.000,-725.586,-986.816,-28.320
254537.805,-87.402,408.203,135.742,307.129,49.805
254537.809,351.074,-877.930,403.809,977.539,61.523
254537.813,34.668,-136.230,-247.559,-195.801,-107.910
254537.817,-506.836,-1000.000,-631.836,-1000.000,-366.699
254537.821,-223.145,-350.586,-109.863,-39.551,-91.797
254537.825,342.285,-987.793,423.340,982.910,172.363
254537.829,268.066,299.805,-144.531,267.090,75.195
254537.833,-416.504,-1000.000,-681.152,-958.984,-78.613
254537.837,-439.941,-706.543,-201.660,-539.551,-146.484
254537.841,284.180,852.539,385.254,856.934,114.258
254537.845,462.891,633.301,-94.727,691.895,368.652
254537.849,-259.766,-948.242,-766.113,-784.180,206.543
254537.853,-638.184,-968.262,-366.699,-883.301,-195.312
254537.857,61.523,634.766,310.059,614.746,-35.645
254537.861,423.828,-928.223,260.742,819.336,105.957
254537.865,-171.387,-524.902,-417.969,-619.629,-162.109
254537.869,-557.129,-1000.000,-518.066,-1000.000,-302.246
254537.873,-55.176,290.039,155.762,253.906,-83.008
254537.877,423.828,-868.652,401.367,975.586,135.254
254537.881,36.621,87.402,-122.559,-200.684,-130.371
254537.892,-532.227,-1000.000,-562.988,-1000.000,-361.816
254537.896,-208.008,-548.340,-202.148,-117.188,32.715
254537.900,459.473,934.570,263.184,950.195,482.910
254537.904,218.262,596.191,-21.973,218.262,166.992
254537.908,-495.117,-924.805,-521.484,-1000.000,-322.266
254537.912,-351.562,-964.355,-382.812,-521.484,-175.293
254537.916,310.059,642.578,123.535,873.535,265.137
254537.920,295.410,959.473,182.129,632.324,157.715
254537.924,-298.340,-727.539,-504.395,-815.918,-150.879
254537.928,-457.031,-1000.000,-542.969,-856.934,-102.539
254537.932,76.660,492.676,196.289,567.383,161.621
254537.937,342.285,-903.320,394.043,870.117,111.816
254537.941,-130.371,-391.602,-318.359,-523.926,-188.965
254537.945,-477.539,-1000.000,-720.215,-1000.000,-105.957
254537.949,-98.145,28.809,-38.574,167.969,158.691
254537.953,353.516,-893.066,460.449,-995.605,176.758
254537.957,92.773,208.984,-123.047,-14.648,-96.191
254537.961,-363.281,-1000.000,-810.547,-1000.000,-99.609
254537.965,-310.059,-512.695,-235.352,-300.293,114.258
254537.969,198.242,966.309,475.098,878.418,69.336
254537.967,228.516,734.375,26.855,354.980,-67.383
254537.971,-411.133,-876.465,-558.594,-958.984,-265.137
254537.975,-476.074,-878.418,-234.863,-686.523,-225.098
254537.978,192.871,787.598,392.090,769.531,55.664
254537.982,404.785,951.660,204.590,786.621,77.148
254537.986,-189.453,-715.332,-540.527,-716.797,-130.371
254537.990,-493.652,-1000.000,-511.230,-950.195,-163.574
254537.994,-21.484,558.594,300.781,448.242,29.785
254537.997,472.656,-998.047,286.133,987.305,201.660
254538.001,91.309,-610.840,-583.984,-263.672,149.414
254538.005,-591.797,-1000.000,-612.793,-1000.000,-228.516
254538.009,-228.027,41.016,84.473,20.508,-146.973
254538.013,463.867,-937.988,287.109,-997.070,241.211
254538.016,144.531,145.996,-295.898,23.926,197.754
254538.020,-582.031,-1000.000,-602.051,-1000.000,-276.855
254538.024,-383.301,-601.562,-156.250,-380.859,-248.047
254538.028,392.578,901.855,281.250,889.160,212.891
254538.031,327.148,777.832,18.555,433.105,199.707
254538.035,-412.598,-847.168,-538.574,-945.312,-202.637
254538.039,-478.516,-972.656,-360.352,-743.164,-257.324
254538.042,311.523,682.129,175.781,763.184,190.430
254538.046,418.457,-976.074,224.609,709.473,221.680
254538.050,-314.941,-589.355,-396.973,-772.949,-276.367
254538.054,-534.668,-1000.000,-542.969,-979.492,-314.941
254538.058,4.883,309.570,113.770,397.949,17.578
254538.061,402.832,-889.160,372.559,968.750,56.641
254538.065,8.301,-168.457,-259.277,-286.621,-183.105
254538.069,-483.398,-1000.000,-665.527,-1000.000,-215.332
254538.073,-197.754,-303.223,-127.441,-30.762,60.547
254538.077,386.719,-967.773,372.070,978.516,230.469
254538.080,193.848,383.789,-65.918,180.176,1.465
254538.084,-414.551,-1000.000,-646.973,-967.285,-155.762
254538.088,-263.672,-891.602,-435.547,-316.406,188.965
254538.092,226.562,739.746,321.777,904.297,259.277
254538.096,248.047,951.172,218.750,512.695,-65.918
254538.099,-286.133,-766.113,-575.195,-869.141,-204.102
254538.103,-440.918,-1000.000,-436.523,-812.012,-125.977
254538.107,101.074,636.230,351.562,645.020,30.762
254538.111,372.070,-959.473,342.773,848.145,55.664
254538.115,-98.145,-566.406,-513.184,-562.500,-80.078
254538.117,-531.738,-1000.000,-606.934,-1000.000,-173.828
254538.121,-88.867,223.633,78.125,239.746,-63.965
254538.125,428.711,-905.273,336.914,-995.605,133.789
254538.129,185.059,-253.418,-425.781,-47.852,136.719
254538.132,-410.156,-1000.000,-847.656,-1000.000,-25.391
254538.136,-347.656,-235.352,-70.801,-245.117,-162.109
254538.140,335.938,-997.559,400.879,948.730,-13.184
254538.144,211.914,542.480,-29.297,240.723,-45.898
254538.148,-483.887,-932.617,-543.945,-1000.000,-363.281
254538.151,-408.203,-804.199,-235.352,-538.086,-297.363
254538.155,312.500,811.523,373.535,848.633,56.641
254538.159,360.840,957.031,230.957,588.867,56.152
254538.163,-321.777,-690.918,-473.145,-867.676,-222.168
254538.167,-462.891,-1000.000,-465.820,-831.055,-247.070
254538.171,195.312,529.297,193.848,656.250,112.793
254538.174,601.562,-951.172,-23.926,846.191,335.938
254538.178,-92.285,-529.785,-547.363,-580.566,-49.805
254538.182,-605.957,-1000.000,-515.137,-1000.000,-325.684
254538.186,-60.059,141.113,41.016,192.871,-50.293
254538.190,471.680,-903.320,352.051,-969.727,235.352
254538.193,111.328,67.871,-173.828,-46.875,28.320
254538.197,-506.836,-1000.000,-561.035,-1000.000,-297.852
254538.200,-206.543,-690.430,-238.770,-161.133,-14.648
254538.204,373.535,815.430,324.219,983.887,279.785
254538.208,181.641,787.109,132.812,288.574,-15.625
254538.211,-358.398,-835.938,-566.895,-920.898,-234.863
254538.215,-265.625,-1000.000,-559.082,-463.379,20.996
254538.219,232.910,588.379,191.406,878.906,331.055
254538.223,253.906,-973.633,312.500,631.348,99.121
254538.226,-282.227,-666.016,-430.664,-802.734,-204.102
254538.230,-492.676,-1000.000,-461.914,-914.551,-173.828
254538.234,71.777,490.234,235.352,516.113,123.047
254538.237,421.875,-875.977,397.949,925.293,154.785
254538.241,-26.367,-307.617,-303.711,-420.410,-115.723
254538.245,-468.262,-1000.000,-608.398,-1000.000,-119.629
254538.249,-164.062,52.246,62.012,37.109,-39.062
254538.252,401.367,-893.066,388.672,999.512,-17.090
254538.256,229.492,184.082,-210.449,118.652,-30.273
254538.260,-385.742,-1000.000,-717.773,-1000.000,-87.891
254538.263,-375.488,-582.520,-174.805,-421.875,-120.605
254538.282,298.340,926.758,410.156,882.812,14.160
254538.286,333.496,732.422,19.531,474.609,47.852
254538.290,-390.625,-883.789,-575.195,-905.762,-170.898
254538.294,-457.520,-996.582,-373.047,-693.359,-199.219
254538.298,239.746,706.055,291.992,774.902,69.824
254538.302,486.328,896.484,118.652,835.449,137.695
254538.305,-169.434,-790.039,-629.883,-667.480,-49.805
254538.309,-611.328,-1000.000,-465.332,-1000.000,-249.023
254538.313,-49.316,509.277,288.574,355.469,-66.895
254538.317,570.312,998.047,186.035,-957.031,283.203
254538.321,69.824,-590.820,-505.859,-236.328,197.266
254538.325,-651.855,-1000.000,-544.434,-1000.000,-275.879
254538.328,-222.168,-55.176,-13.184,-38.086,-149.902
254538.332,501.465,-927.246,248.047,972.656,165.527
254538.336,150.879,489.258,-37.598,81.543,-38.574
254538.340,-529.785,-960.449,-523.926,-1000.000,-305.664
254538.344,-343.262,-743.164,-234.863,-405.273,-148.438
254538.348,317.383,847.656,368.164,899.902,117.676
254538.351,292.480,912.109,188.477,482.910,1.953
254538.355,-370.605,-748.535,-469.727,-910.156,-248.535
254538.359,-423.828,-1000.000,-439.453,-713.867,-196.289
254538.363,239.258,611.816,251.953,750.488,168.457
254538.367,461.426,985.840,258.301,858.887,289.062
254538.370,-169.434,-572.266,-442.383,-637.207,-67.871
254538.374,-494.629,-1000.000,-615.723,-997.559,-177.246
254538.378,122.070,-296.387,-152.344,482.910,317.871
254538.382,390.625,981.445,351.074,982.422,317.871
254538.386,-36.133,103.027,-127.930,-293.457,-156.738
254538.389,-424.316,-1000.000,-708.008,-1000.000,-216.797
254538.393,-237.793,-280.762,-145.508,-133.301,58.594
254538.397,296.387,-946.289,430.664,933.594,122.070
254538.401,191.895,621.582,7.812,221.191,-100.586
254538.405,-386.719,-909.668,-665.039,-1000.000,-335.938
254538.409,-336.426,-889.648,-393.555,-452.148,-179.199
254538.412,273.438,777.344,299.316,873.047,188.965
254538.416,319.824,945.801,147.461,459.473,103.516
254538.420,-176.758,-760.742,-710.449,-858.398,25.879
254538.424,-409.180,-1000.000,-612.793,-857.910,141.602
254538.428,1.465,650.879,336.914,498.535,105.957
254538.431,406.250,-964.355,339.844,887.695,59.570
254538.434,-102.539,-586.914,-431.152,-514.648,-151.367
254538.437,-573.242,-1000.000,-520.020,-1000.000,-334.473
254538.441,-96.191,252.441,139.160,181.152,-138.184
254538.445,452.148,-880.859,385.254,-979.004,80.566
254538.449,90.332,114.258,-118.652,-74.219,-19.531
254538.452,-473.145,-1000.000,-643.555,-1000.000,-200.195
254538.456,-278.320,-515.137,-159.180,-213.867,-46.387
254538.460,380.859,920.898,354.004,966.309,266.602
254538.463,334.473,266.113,-250.000,386.230,369.141
254538.467,-487.305,-1000.000,-633.301,-959.473,-114.746
254538.471,-438.965,-803.223,-216.797,-547.363,-286.133
254538.475,339.844,746.094,270.996,859.863,229.492
254538.478,408.203,969.238,142.090,673.828,347.168
254538.482,-354.004,-685.547,-444.824,-817.871,-145.996
254538.486,-559.570,-1000.000,-425.781,-915.527,-290.039
254538.489,157.227,490.234,172.852,596.191,37.598
254538.493,455.078,-939.453,295.898,922.363,174.316
254538.497,-79.590,-432.129,-422.363,-465.332,-108.398
254538.501,-510.742,-1000.000,-667.969,-1000.000,-285.156
254538.504,-40.527,-333.496,-203.125,205.078,112.793
254538.511,407.227,937.012,266.113,-974.609,262.207
254538.513,6.348,391.602,-31.738,-70.801,-130.371
254538.516,-485.352,-1000.000,-605.957,-1000.000,-327.148
254538.519,-222.656,-754.395,-327.148,-196.289,-18.555
254538.522,319.336,856.445,347.168,937.988,136.719
254538.524,254.883,792.480,76.660,403.809,-7.324
254538.527,-335.449,-879.883,-672.363,-892.090,-191.406
254538.530,-412.598,-922.852,-389.160,-676.270,-149.414
254538.533,182.617,755.371,331.055,737.305,21.484
254538.535,379.395,970.703,181.152,771.484,10.254
254538.538,-204.102,-701.172,-579.590,-700.684,-129.395
254538.541,-444.824,-1000.000,-711.914,-934.570,-22.461
254538.544,-77.148,490.234,193.848,363.281,106.934
254538.546,333.496,-892.090,432.129,913.574,57.617
254538.549,-3.418,-279.785,-352.051,-311.523,-215.820
254538.552,-528.809,-1000.000,-664.551,-1000.000,-312.988
254538.555,-204.102,-220.703,-97.168,0.000,-50.781
254538.557,346.680,-959.473,395.996,976.562,65.430
254538.560,197.266,253.906,-163.574,149.902,52.734
254538.563,-477.539,-1000.000,-667.969,-991.211,-177.246
254538.599,-419.922,-696.289,-189.941,-402.832,-197.754
254538.603,322.266,834.961,328.125,912.598,200.684
254538.607,370.117,584.961,-106.445,528.320,250.488
254538.611,-411.621,-946.777,-622.070,-897.461,-131.348
254538.615,-559.082,-962.891,-333.008,-784.668,-321.777
254538.619,146.484,692.871,270.508,688.965,-83.008
254538.623,550.293,921.387,-58.105,889.160,290.527
254538.627,-125.488,-768.555,-675.781,-580.078,62.012
254538.631,-673.340,-1000.000,-459.473,-1000.000,-358.398
254538.635,-80.566,395.508,206.055,266.602,-76.172
254538.639,417.480,-861.328,369.141,941.895,88.867
254538.643,-55.176,-7.324,-214.844,-315.918,-184.570
254538.647,-591.797,-1000.000,-562.012,-1000.000,-342.285
254538.651,-198.730,-411.133,-157.227,-46.387,-34.668
254538.655,390.137,943.359,221.191,870.117,416.016
254538.659,121.582,454.590,-79.102,99.609,166.016
254538.663,-542.969,-985.352,-544.434,-1000.000,-306.152
254538.667,-348.145,-879.883,-344.727,-444.824,-184.082
254538.671,334.961,719.238,196.289,893.555,248.047
254538.675,235.352,821.777,143.555,434.570,52.734
254538.671,-359.375,-797.852,-513.672,-908.203,-244.629
254538.675,-444.824,-1000.000,-522.949,-788.574,-116.211
254538.679,89.355,518.555,181.152,627.930,169.922
254538.683,309.570,-915.039,347.656,824.219,105.957
254538.687,-171.387,-471.680,-404.297,-614.258,-239.746
254538.691,-466.309,-1000.000,-708.496,-1000.000,-244.629
254538.694,-40.527,131.836,-25.879,246.582,65.430
254538.698,359.375,-882.812,407.227,986.328,143.555
254538.702,58.105,150.391,-152.344,-131.348,-129.395
254538.706,-351.562,-1000.000,-803.711,-1000.000,-200.195
254538.710,-212.891,-539.551,-252.930,-203.613,29.785
254538.713,283.691,948.242,422.852,916.016,172.363
254538.717,215.820,684.082,-13.672,255.371,54.688
254538.721,-388.184,-916.992,-647.461,-989.746,-108.887
254538.725,-446.777,-830.078,-263.672,-608.398,-121.094
254538.729,211.426,814.453,403.320,806.641,76.660
254538.732,389.648,936.035,166.504,668.945,39.551
254538.736,-253.906,-729.980,-564.453,-802.734,-176.758
254538.740,-498.047,-1000.000,-491.211,-900.391,-117.188
254538.744,57.129,586.914,279.785,509.766,53.711
254538.748,500.977,988.770,250.488,939.941,162.598
254538.751,59.570,-654.297,-617.188,-354.004,150.391
254538.755,-598.145,-1000.000,-587.891,-1000.000,-133.789
254538.759,-180.176,177.246,138.184,104.004,-28.320
254538.763,508.301,-932.129,259.277,-974.121,375.977
254538.766,142.090,4.883,-323.242,-37.109,256.836
254538.770,-566.406,-1000.000,-596.680,-1000.000,-271.484
254538.774,-328.125,-510.742,-126.953,-279.297,-238.281
254538.777,440.430,928.223,291.504,885.254,233.398
254538.781,317.383,602.539,-61.523,288.574,266.113
254538.785,-428.223,-921.875,-598.633,-981.934,-113.281
254538.789,-448.242,-874.023,-297.852,-689.941,-168.945
254538.792,333.496,744.629,244.629,783.691,313.477
254538.796,414.551,-999.512,192.383,685.059,282.227
254538.800,-327.637,-629.883,-432.617,-805.664,-264.648
254538.804,-541.504,-1000.000,-487.793,-950.195,-273.926
254538.807,22.461,391.113,174.316,463.867,67.871
254538.811,412.109,-875.000,378.906,949.219,126.465
254538.815,-47.852,-199.707,-211.426,-393.066,-137.695
254538.819,-496.582,-1000.000,-625.977,-1000.000,-254.395
254538.829,-91.309,-135.742,-99.121,98.145,-20.996
254538.834,439.941,-927.734,333.008,-981.934,219.238
254538.838,151.855,290.039,-125.977,72.266,18.555
254538.843,-418.457,-1000.000,-666.504,-998.047,-260.254
254538.847,-171.387,-929.688,-482.422,-202.148,141.113
254538.852,274.902,690.430,290.527,952.637,335.449
254538.856,171.387,952.637,200.195,392.090,-2.441
254538.860,-341.309,-798.828,-575.195,-906.250,-213.867
254538.865,-443.848,-980.469,-390.137,-761.719,-71.289
254538.869,142.578,718.750,343.262,679.688,99.121
254538.874,406.250,-982.910,259.277,820.801,52.734
254538.878,-100.098,-603.027,-541.504,-649.902,-90.820
254538.883,-513.672,-1000.000,-579.102,-1000.000,-213.867
254538.887,-29.785,333.008,140.625,362.793,-36.133
254538.892,499.512,-903.809,320.312,-997.070,202.148
254538.896,161.133,-328.125,-486.328,-139.160,138.184
254538.900,-513.184,-1000.000,-690.918,-1000.000,-130.371
254538.905,-318.359,-99.609,49.805,-134.277,-133.301
254538.909,401.855,-969.238,381.348,985.352,84.961
254538.914,355.957,-20.020,-335.449,348.633,98.633
254538.897,-453.613,-1000.000,-702.148,-949.707,-286.621
254538.900,-460.938,-665.039,-172.852,-520.020,-339.844
254538.903,311.035,814.941,356.934,877.441,25.879
254538.906,357.422,920.898,155.273,573.242,-19.531
254538.908,-333.984,-746.582,-513.672,-866.699,-332.031
254538.911,-475.098,-1000.000,-434.082,-822.266,-240.723
254538.914,217.773,591.797,222.656,664.062,200.684
254538.916,549.805,-971.680,39.551,868.164,419.434
254538.919,-198.730,-563.477,-530.273,-645.508,-126.465
254538.922,-597.168,-1000.000,-530.273,-1000.000,-395.508
254538.924,2.441,188.965,15.137,277.832,41.016
254538.927,470.703,-901.855,316.895,-994.629,110.352
254538.930,61.523,-36.133,-270.508,-170.898,-186.035
254538.933,-525.391,-1000.000,-608.887,-1000.000,-371.094
254538.935,-187.012,-621.582,-220.215,-108.887,-57.617
254538.938,382.324,847.656,334.473,987.305,312.500
254538.941,190.918,710.938,64.453,236.328,-6.836
254538.943,-383.301,-873.535,-612.305,-995.605,-262.695
254538.946,-257.812,-1000.000,-529.785,-447.266,87.402
254538.949,290.039,592.285,146.484,910.156,338.867
254538.984,253.418,999.023,236.816,556.152,9.277
254538.988,-319.336,-728.027,-495.605,-845.703,-359.863
254538.993,-501.465,-1000.000,-452.148,-885.742,-280.273
254538.998,82.520,604.492,298.340,534.180,-10.742
254539.003,442.871,-937.500,317.871,919.434,99.121
254539.008,-32.715,-520.508,-491.699,-467.285,-77.148
254539.012,-483.887,-1000.000,-638.184,-1000.000,-142.090
254539.017,-159.668,198.242,112.793,85.449,1.953
254539.022,376.465,-885.254,419.922,-1000.000,139.648
254539.027,167.969,80.078,-180.176,22.949,61.035
254539.031,-419.434,-1000.000,-681.152,-1000.000,-72.754
254539.036,-323.730,-471.680,-149.902,-309.082,-70.312
254539.041,301.758,972.656,414.062,910.156,61.035
254539.046,321.777,645.508,-28.320,400.879,67.871
254539.051,-346.191,-927.246,-629.883,-918.457,-174.316
254539.055,-447.754,-933.594,-332.520,-653.320,-243.164
254539.060,251.953,749.023,294.922,806.152,97.656
254539.065,439.453,891.113,106.934,773.926,220.703
254539.070,-258.301,-781.738,-561.523,-734.375,-67.871
254539.074,-550.293,-1000.000,-468.750,-972.656,-215.332
254539.063,83.984,501.465,231.445,474.609,76.172
254539.066,589.355,982.910,196.777,-976.074,399.902
254539.070,20.996,-629.883,-497.559,-336.914,220.215
254539.074,-668.457,-1000.000,-530.273,-1000.000,-258.301
254539.078,-210.938,39.062,21.484,26.855,-104.004
254539.082,506.348,-897.949,247.070,970.703,349.609
254539.085,132.324,391.113,-92.773,-19.531,100.586
254539.089,-554.199,-1000.000,-530.762,-1000.000,-327.148
254539.093,-310.547,-669.922,-199.219,-324.219,-171.875
254539.097,357.422,881.836,384.277,916.992,120.605
254539.101,277.832,873.047,155.273,417.969,23.926
254539.104,-407.227,-781.738,-516.602,-941.406,-322.754
254539.108,-447.266,-1000.000,-420.410,-697.754,-285.156
254539.112,226.074,658.203,246.582,769.531,138.672
254539.116,409.668,978.516,168.945,790.039,152.832
254539.120,-236.816,-600.098,-476.562,-722.656,-129.883
254539.123,-508.789,-1000.000,-599.121,-974.609,-156.250
254539.127,126.953,-114.258,-137.207,531.738,328.125
254539.131,386.719,-976.074,314.453,955.566,326.172
254539.135,-89.355,-96.680,-221.191,-358.887,-111.328
254539.138,-494.141,-1000.000,-687.012,-1000.000,-74.707
254539.142,-228.516,-189.453,-112.305,-73.242,111.328
254539.145,298.340,-925.781,425.293,941.406,96.191
254539.149,127.441,541.016,20.508,139.648,-16.113
254539.153,-444.336,-948.242,-645.996,-1000.000,-159.668
254539.157,-328.613,-797.363,-325.684,-403.809,-54.199
254539.160,299.805,827.148,348.145,884.277,184.570
254539.164,300.293,916.016,139.648,479.004,17.090
254539.168,-224.121,-770.020,-694.336,-877.441,-52.734
254539.172,-425.293,-1000.000,-511.719,-826.172,93.750
254539.175,25.391,654.785,348.633,594.727,60.059
254539.179,379.395,-982.422,288.574,859.863,48.828
254539.183,-99.121,-640.625,-549.316,-535.156,-65.430
254539.187,-589.844,-1000.000,-532.715,-1000.000,-196.777
254539.190,-115.723,354.492,211.914,252.441,-19.043
254539.194,423.340,-883.789,356.445,-980.469,137.207
254539.198,28.809,-36.621,-239.258,-173.828,-69.336
254539.202,-492.188,-1000.000,-670.410,-1000.000,-184.082
254539.205,-229.980,-465.332,-168.945,-125.977,-68.848
254539.209,395.996,927.246,321.777,986.816,195.312
254539.213,329.102,153.320,-308.594,383.301,318.359
254539.217,-492.676,-1000.000,-651.367,-954.102,-129.395
254539.221,-475.098,-709.473,-185.059,-560.059,-241.699
254539.225,325.195,805.176,278.320,838.379,73.242
254539.229,402.344,928.223,120.605,622.070,91.309
254539.232,-302.734,-742.188,-518.066,-828.125,-179.688
254539.236,-536.133,-1000.000,-421.875,-883.301,-290.039
254539.240,187.500,579.102,205.566,633.789,118.652
254539.244,499.023,-948.730,176.270,841.309,357.422
254539.247,-165.527,-488.281,-431.152,-607.422,-79.102
254539.251,-538.574,-1000.000,-631.348,-1000.000,-271.973
254539.255,-19.531,-122.559,-130.859,282.227,140.137
254539.259,395.996,-987.305,312.500,983.887,292.480
254539.263,-18.555,233.887,-119.141,-165.527,-168.457
254539.266,-512.695,-1000.000,-625.000,-1000.000,-415.527
254539.270,-256.348,-521.973,-182.129,-192.871,-224.609
254539.274,340.820,960.938,384.766,939.941,16.113
254539.278,239.258,787.109,147.461,333.496,-53.223
254539.281,-359.863,-842.773,-566.895,-953.125,-294.434
254539.285,-366.211,-954.102,-408.203,-571.289,-187.500
254539.289,230.469,750.000,330.078,828.125,87.891
254539.293,351.074,954.590,153.809,666.992,124.023
254539.296,-218.262,-711.426,-590.332,-748.047,-94.727
254539.300,-365.234,-1000.000,-744.629,-835.938,20.508
254539.304,11.230,429.199,59.570,492.676,126.465
254539.307,311.523,-898.438,364.746,900.879,-14.160
254539.311,-51.270,-342.285,-370.605,-397.949,-204.102
254539.314,-520.996,-1000.000,-627.441,-1000.000,-299.316
254539.318,-124.023,-116.699,-67.383,115.234,-64.941
254539.322,400.879,-933.594,377.930,-992.188,58.594
254539.325,204.590,209.473,-169.434,109.863,18.066
254539.329,-462.402,-1000.000,-638.672,-986.816,-170.410
254539.333,-390.137,-562.988,-132.812,-355.469,-171.875
254539.336,362.305,932.129,345.215,907.227,109.375
254539.340,430.664,456.055,-170.898,524.414,189.941
254539.343,-316.895,-1000.000,-741.211,-859.375,52.246
254539.347,-553.223,-874.023,-295.410,-779.297,-211.426
254539.351,152.344,712.891,317.871,725.098,-40.527
254539.354,477.539,962.891,6.348,809.082,197.266
254539.358,-247.070,-663.574,-530.273,-729.492,-189.941
